Time (s), Initial Position (x, y, z), Initial Velocity (vx, vy, vz), Final Position (x, y, z)
0.000000000000, -19946.988367233487, 11684.423263957098, 43511.217134673760, -0.803367495870, -1.762325494392, 0.200043952127, -19946.988367233487, 11684.423263957098, 43511.217134673760
160.333644003276, -19946.988367233487, 11684.423263957098, 43511.217134673760, -0.803367495870, -1.762325494392, 0.200043952127, -20074.938396046135, 11401.368218326150, 43541.431401323767
639.689335859547, -19946.988367233487, 11684.423263957098, 43511.217134673760, -0.803367495870, -1.762325494392, 0.200043952127, -20447.191855714438, 10549.387347021680, 43609.533857587405
1433.148237498474, -19946.988367233487, 11684.423263957098, 43511.217134673760, -0.803367495870, -1.762325494392, 0.200043952127, -21028.919416146648, 9121.745744676024, 43649.024321453850
2532.568386867794, -19946.988367233487, 11684.423263957098, 43511.217134673760, -0.803367495870, -1.762325494392, 0.200043952127, -21761.929568372616, 7112.672099336298, 43552.609100284360
3926.668245481810, -19946.988367233487, 11684.423263957098, 43511.217134673760, -0.803367495870, -1.762325494392, 0.200043952127, -22564.385069945023, 4524.789519543185, 43176.866983063592
5601.142462272616, -19946.988367233487, 11684.423263957098, 43511.217134673760, -0.803367495870, -1.762325494392, 0.200043952127, -23330.169151361766, 1378.470220882083, 42347.633674953679
7538.808665850283, -19946.988367233487, 11684.423263957098, 43511.217134673760, -0.803367495870, -1.762325494392, 0.200043952127, -23927.466654097942, -2277.022469531345, 40865.239197171177
9719.783778884792, -19946.988367233487, 11684.423263957098, 43511.217134673760, -0.803367495870, -1.762325494392, 0.200043952127, -24195.745197047345, -6349.658384084761, 38508.811621507273
12121.688045385534, -19946.988367233487, 11684.423263957098, 43511.217134673760, -0.803367495870, -1.762325494392, 0.200043952127, -23939.697947452107, -10685.053648648254, 35039.167062321110
14719.874677282425, -19946.988367233487, 11684.423263957098, 43511.217134673760, -0.803367495870, -1.762325494392, 0.200043952127, -22917.597173157403, -15034.015244322929, 30200.740448169985
17487.682763823923, -19946.988367233487, 11684.423263957098, 43511.217134673760, -0.803367495870, -1.762325494392, 0.200043952127, -20819.506881899324, -18989.996688773721, 23726.463304343441
20396.710848599367, -19946.988367233487, 11684.423263957098, 43511.217134673760, -0.803367495870, -1.762325494392, 0.200043952127, -17228.369257795555, -21851.410160140989, 15364.543781789491
23417.108366914985, -19946.988367233487, 11684.423263957098, 43511.217134673760, -0.803367495870, -1.762325494392, 0.200043952127, -11567.583746814507, -22280.212484162425, 5023.032004509735
26517.881952981978, -19946.988367233487, 11684.423263957098, 43511.217134673760, -0.803367495870, -1.762325494392, 0.200043952127, -3226.264660897943, -17448.752349397811, -6414.353517538850
29667.213473790220, -19946.988367233487, 11684.423263957098, 43511.217134673760, -0.803367495870, -1.762325494392, 0.200043952127, 6275.715155712608, -3124.005356536727, -13305.860794685301
32832.786526209769, -19946.988367233487, 11684.423263957098, 43511.217134673760, -0.803367495870, -1.762325494392, 0.200043952127, 9816.268102037024, 14220.800685224149, -7519.652311685970
35982.118047018019, -19946.988367233487, 11684.423263957098, 43511.217134673760, -0.803367495870, -1.762325494392, 0.200043952127, 7506.279576510890, 24297.178342944524, 3589.457239534575
39082.891633085012, -19946.988367233487, 11684.423263957098, 43511.217134673760, -0.803367495870, -1.762325494392, 0.200043952127, 3295.059525377603, 28576.404345576215, 14038.288943309231
42103.289151400633, -19946.988367233487, 11684.423263957098, 43511.217134673760, -0.803367495870, -1.762325494392, 0.200043952127, -1243.986316027777, 29443.479601697782, 22694.529079995984
45012.317236176073, -19946.988367233487, 11684.423263957098, 43511.217134673760, -0.803367495870, -1.762325494392, 0.200043952127, -5553.933675890266, 28268.517317052359, 29523.247344712730
47780.125322717584, -19946.988367233487, 11684.423263957098, 43511.217134673760, -0.803367495870, -1.762325494392, 0.200043952127, -9414.867368395873, 25868.079445539915, 34702.373443888253
50378.311954614444, -19946.988367233487, 11684.423263957098, 43511.217134673760, -0.803367495870, -1.762325494392, 0.200043952127, -12741.646416106258, 22776.301179239530, 38452.510072521291
52780.216221115195, -19946.988367233487, 11684.423263957098, 43511.217134673760, -0.803367495870, -1.762325494392, 0.200043952127, -15514.995280105177, 19368.372537978230, 41000.569004615565
54961.191334149713, -19946.988367233487, 11684.423263957098, 43511.217134673760, -0.803367495870, -1.762325494392, 0.200043952127, -17753.554816133124, 15919.402694022367, 42571.122760527556
56898.857537727396, -19946.988367233487, 11684.423263957098, 43511.217134673760, -0.803367495870, -1.762325494392, 0.200043952127, -19500.092758505471, 12634.655828222269, 43382.962310469738
58573.331754518193, -19946.988367233487, 11684.423263957098, 43511.217134673760, -0.803367495870, -1.762325494392, 0.200043952127, -20812.801908315472, 9666.545897108845, 43645.471511480391
59967.431613132205, -19946.988367233487, 11684.423263957098, 43511.217134673760, -0.803367495870, -1.762325494392, 0.200043952127, -21758.212001218657, 7125.489258671882, 43553.594100304246
61066.851762501523, -19946.988367233487, 11684.423263957098, 43511.217134673760, -0.803367495870, -1.762325494392, 0.200043952127, -22404.365128521404, 5088.092806018497, 43281.417697931531
61860.310664140445, -19946.988367233487, 11684.423263957098, 43511.217134673760, -0.803367495870, -1.762325494392, 0.200043952127, -22813.932700739646, 3604.296078137318, 42974.929482424290
62339.666355996720, -19946.988367233487, 11684.423263957098, 43511.217134673760, -0.803367495870, -1.762325494392, 0.200043952127, -23037.584182509981, 2703.916531287607, 42744.805821689202
62500.000000000000, -19946.988367233487, 11684.423263957098, 43511.217134673760, -0.803367495870, -1.762325494392, 0.200043952127, -23108.315587661993, 2402.245564691316, 42660.245611983686
62500.000000000000, -19946.988367233487, 11684.423263957098, 43511.217134673760, -0.803367495870, -1.762325494392, 0.200043952127, -23108.315587661993, 2402.245564691316, 42660.245611983686
62660.333644003280, -19946.988367233487, 11684.423263957098, 43511.217134673760, -0.803367495870, -1.762325494392, 0.200043952127, -23176.981968221593, 2100.360065361738, 42571.871712874825
63139.689335859555, -19946.988367233487, 11684.423263957098, 43511.217134673760, -0.803367495870, -1.762325494392, 0.200043952127, -23369.823701908033, 1196.783630752171, 42284.851301260118
63933.148237498477, -19946.988367233487, 11684.423263957098, 43511.217134673760, -0.803367495870, -1.762325494392, 0.200043952127, -23647.178034007971, -300.648779467229, 41734.261227134040
65032.568386867795, -19946.988367233487, 11684.423263957098, 43511.217134673760, -0.803367495870, -1.762325494392, 0.200043952127, -23942.227938938548, -2373.598910401140, 40814.310905670005
66426.668245481807, -19946.988367233487, 11684.423263957098, 43511.217134673760, -0.803367495870, -1.762325494392, 0.200043952127, -24159.630356738704, -4985.299826527526, 39381.431080682945
68101.142462272619, -19946.988367233487, 11684.423263957098, 43511.217134673760, -0.803367495870, -1.762325494392, 0.200043952127, -24172.866648614239, -8068.962818414072, 37257.652577126748
70038.808665850287, -19946.988367233487, 11684.423263957098, 43511.217134673760, -0.803367495870, -1.762325494392, 0.200043952127, -23819.265914025029, -11510.762308554957, 34233.636498971689
72219.783778884797, -19946.988367233487, 11684.423263957098, 43511.217134673760, -0.803367495870, -1.762325494392, 0.200043952127, -22890.771350042691, -15122.741762738753, 30071.177538417451
74621.688045385526, -19946.988367233487, 11684.423263957098, 43511.217134673760, -0.803367495870, -1.762325494392, 0.200043952127, -21116.935742215719, -18594.090643538126, 24506.993895062958
77219.874677282409, -19946.988367233487, 11684.423263957098, 43511.217134673760, -0.803367495870, -1.762325494392, 0.200043952127, -18134.243878145557, -21391.120422527412, 17268.005061170952
79987.682763823919, -19946.988367233487, 11684.423263957098, 43511.217134673760, -0.803367495870, -1.762325494392, 0.200043952127, -13437.636964983654, -22523.698132617395, 8148.071489399700
82896.710848599367, -19946.988367233487, 11684.423263957098, 43511.217134673760, -0.803367495870, -1.762325494392, 0.200043952127, -6378.793837272441, -19953.512459524958, -2582.826500283493
85917.108366914981, -19946.988367233487, 11684.423263957098, 43511.217134673760, -0.803367495870, -1.762325494392, 0.200043952127, 2954.978126922550, -9688.228603242784, -11988.622275365138
89017.881952981974, -19946.988367233487, 11684.423263957098, 43511.217134673760, -0.803367495870, -1.762325494392, 0.200043952127, 9396.808404608008, 8024.552597173884, -11076.695842866189
92167.213473790223, -19946.988367233487, 11684.423263957098, 43511.217134673760, -0.803367495870, -1.762325494392, 0.200043952127, 8821.520388668401, 21138.102569727609, -921.285571365089
95332.786526209762, -19946.988367233487, 11684.423263957098, 43511.217134673760, -0.803367495870, -1.762325494392, 0.200043952127, 5021.148635927930, 27429.540082250332, 10202.751624296505
98482.118047018012, -19946.988367233487, 11684.423263957098, 43511.217134673760, -0.803367495870, -1.762325494392, 0.200043952127, 369.150897189701, 29422.847620237317, 19843.255788478156
101582.891633085004, -19946.988367233487, 11684.423263957098, 43511.217134673760, -0.803367495870, -1.762325494392, 0.200043952127, -4277.410184606497, 28783.804574726779, 27640.128087541856
104603.289151400633, -19946.988367233487, 11684.423263957098, 43511.217134673760, -0.803367495870, -1.762325494392, 0.200043952127, -8571.990339160406, 26491.474719030612, 33660.576354685727
107512.317236176081, -19946.988367233487, 11684.423263957098, 43511.217134673760, -0.803367495870, -1.762325494392, 0.200043952127, -12359.735954689113, 23175.806862119254, 38068.720915269769
110280.125322717591, -19946.988367233487, 11684.423263957098, 43511.217134673760, -0.803367495870, -1.762325494392, 0.200043952127, -15574.726313088848, 19278.800700760105, 41055.566958834868
112878.311954614444, -19946.988367233487, 11684.423263957098, 43511.217134673760, -0.803367495870, -1.762325494392, 0.200043952127, -18201.592723306585, 15129.611443161515, 42823.223507407842
115280.216221115203, -19946.988367233487, 11684.423263957098, 43511.217134673760, -0.803367495870, -1.762325494392, 0.200043952127, -20258.973897248768, 10981.279372665913, 43581.126025449717
117461.191334149713, -19946.988367233487, 11684.423263957098, 43511.217134673760, -0.803367495870, -1.762325494392, 0.200043952127, -21791.041155158531, 7029.524412357347, 43544.081378311421
119398.857537727396, -19946.988367233487, 11684.423263957098, 43511.217134673760, -0.803367495870, -1.762325494392, 0.200043952127, -22861.850388463285, 3422.908802043277, 42929.315608021338
121073.331754518193, -19946.988367233487, 11684.423263957098, 43511.217134673760, -0.803367495870, -1.762325494392, 0.200043952127, -23550.167041550525, 269.124814581143, 41951.663826185766
122467.431613132212, -19946.988367233487, 11684.423263957098, 43511.217134673760, -0.803367495870, -1.762325494392, 0.200043952127, -23943.576517297104, -2359.822700679754, 40816.726040177993
123566.851762501523, -19946.988367233487, 11684.423263957098, 43511.217134673760, -0.803367495870, -1.762325494392, 0.200043952127, -24131.360111506416, -4421.840066717832, 39712.250971876027
124360.310664140445, -19946.988367233487, 11684.423263957098, 43511.217134673760, -0.803367495870, -1.762325494392, 0.200043952127, -24196.216114265750, -5897.573894796323, 38798.447276500061
124839.666355996713, -19946.988367233487, 11684.423263957098, 43511.217134673760, -0.803367495870, -1.762325494392, 0.200043952127, -24205.537601481225, -6782.065328536108, 38198.330388782641
125000.000000000000, -19946.988367233487, 11684.423263957098, 43511.217134673760, -0.803367495870, -1.762325494392, 0.200043952127, -24203.510849217091, -7076.507136626168, 37989.454984555341
125000.000000000000, -19946.988367233487, 11684.423263957098, 43511.217134673760, -0.803367495870, -1.762325494392, 0.200043952127, -24203.510849217091, -7076.507136626168, 37989.454984555341
125160.333644003287, -19946.988367233487, 11684.423263957098, 43511.217134673760, -0.803367495870, -1.762325494392, 0.200043952127, -24198.868674259469, -7370.184034732840, 37776.473211981189
125639.689335859541, -19946.988367233487, 11684.423263957098, 43511.217134673760, -0.803367495870, -1.762325494392, 0.200043952127, -24169.165463338151, -8243.251298025272, 37115.092889243562
126433.148237498477, -19946.988367233487, 11684.423263957098, 43511.217134673760, -0.803367495870, -1.762325494392, 0.200043952127, -24066.489060110307, -9669.707638083102, 35938.449428189357
127532.568386867788, -19946.988367233487, 11684.423263957098, 43511.217134673760, -0.803367495870, -1.762325494392, 0.200043952127, -23808.850740198748, -11598.856076898819, 34136.451181895107
128926.668245481807, -19946.988367233487, 11684.423263957098, 43511.217134673760, -0.803367495870, -1.762325494392, 0.200043952127, -23276.228614639334, -13942.834872146745, 31557.462088569187
130601.142462272619, -19946.988367233487, 11684.423263957098, 43511.217134673760, -0.803367495870, -1.762325494392, 0.200043952127, -22303.233474660436, -16555.057219737726, 28010.337159336155
132538.808665850287, -19946.988367233487, 11684.423263957098, 43511.217134673760, -0.803367495870, -1.762325494392, 0.200043952127, -20665.844577880536, -19191.486858799035, 23267.915344726596
134719.783778884797, -19946.988367233487, 11684.423263957098, 43511.217134673760, -0.803367495870, -1.762325494392, 0.200043952127, -18057.868879664435, -21434.425914540996, 17078.437355079011
137121.688045385526, -19946.988367233487, 11684.423263957098, 43511.217134673760, -0.803367495870, -1.762325494392, 0.200043952127, -14052.884563544625, -22524.617416330435, 9215.172241854887
139719.874677282438, -19946.988367233487, 11684.423263957098, 43511.217134673760, -0.803367495870, -1.762325494392, 0.200043952127, -8078.950004538469, -20955.096140648322, -285.141289664299
142487.682763823919, -19946.988367233487, 11684.423263957098, 43511.217134673760, -0.803367495870, -1.762325494392, 0.200043952127, 215.126272188214, -13650.213598150056, -9900.117462054028
145396.710848599381, -19946.988367233487, 11684.423263957098, 43511.217134673760, -0.803367495870, -1.762325494392, 0.200043952127, 8060.530736779299, 1950.552883087053, -12933.351380722785
148417.108366914996, -19946.988367233487, 11684.423263957098, 43511.217134673760, -0.803367495870, -1.762325494392, 0.200043952127, 9639.580280223970, 17131.103714449688, -5146.093139161664
151517.881952981988, -19946.988367233487, 11684.423263957098, 43511.217134673760, -0.803367495870, -1.762325494392, 0.200043952127, 6719.406082553925, 25576.054567589272, 5923.077515142358
154667.213473790209, -19946.988367233487, 11684.423263957098, 43511.217134673760, -0.803367495870, -1.762325494392, 0.200043952127, 2268.768757021112, 29013.404489485998, 16214.003022085717
157832.786526209762, -19946.988367233487, 11684.423263957098, 43511.217134673760, -0.803367495870, -1.762325494392, 0.200043952127, -2501.081015234385, 29268.967876817205, 24851.685357051407
160982.118047018012, -19946.988367233487, 11684.423263957098, 43511.217134673760, -0.803367495870, -1.762325494392, 0.200043952127, -7090.563211310906, 27449.467595476959, 31721.839317762729
164082.891633085004, -19946.988367233487, 11684.423263957098, 43511.217134673760, -0.803367495870, -1.762325494392, 0.200043952127, -11260.782738462060, 24261.582147802346, 36893.580148175082
167103.289151400619, -19946.988367233487, 11684.423263957098, 43511.217134673760, -0.803367495870, -1.762325494392, 0.200043952127, -14887.524638010300, 20200.591544131410, 40492.038794790438
170012.317236176110, -19946.988367233487, 11684.423263957098, 43511.217134673760, -0.803367495870, -1.762325494392, 0.200043952127, -17908.607346366811, 15640.413652779645, 42667.774394248539
172780.125322717591, -19946.988367233487, 11684.423263957098, 43511.217134673760, -0.803367495870, -1.762325494392, 0.200043952127, -20302.662455976733, 10877.234187857950, 43589.556349380990
175378.311954614444, -19946.988367233487, 11684.423263957098, 43511.217134673760, -0.803367495870, -1.762325494392, 0.200043952127, -22079.855448916900, 6150.979781312863, 43442.870111874836
177780.216221115203, -19946.988367233487, 11684.423263957098, 43511.217134673760, -0.803367495870, -1.762325494392, 0.200043952127, -23277.468741411969, 1655.507648380920, 42429.176098440083
179961.191334149742, -19946.988367233487, 11684.423263957098, 43511.217134673760, -0.803367495870, -1.762325494392, 0.200043952127, -23957.292781057637, -2457.208881761722, 40764.187398196183
181898.857537727396, -19946.988367233487, 11684.423263957098, 43511.217134673760, -0.803367495870, -1.762325494392, 0.200043952127, -24203.153860616349, -6075.890133807653, 38674.301603325242
183573.331754518207, -19946.988367233487, 11684.423263957098, 43511.217134673760, -0.803367495870, -1.762325494392, 0.200043952127, -24117.377700050125, -9129.538183382057, 36390.604594300225
184967.431613132212, -19946.988367233487, 11684.423263957098, 43511.217134673760, -0.803367495870, -1.762325494392, 0.200043952127, -23815.199279088105, -11585.736663672329, 34140.134666134101
186066.851762501523, -19946.988367233487, 11684.423263957098, 43511.217134673760, -0.803367495870, -1.762325494392, 0.200043952127, -23416.443654695671, -13445.685813510185, 32134.589879722836
186860.310664140445, -19946.988367233487, 11684.423263957098, 43511.217134673760, -0.803367495870, -1.762325494392, 0.200043952127, -23034.461937724303, -14734.616066142200, 30557.397988699646
187339.666355996713, -19946.988367233487, 11684.423263957098, 43511.217134673760, -0.803367495870, -1.762325494392, 0.200043952127, -22763.355931219714, -15487.831389866165, 29550.805892147611
187500.000000000000, -19946.988367233487, 11684.423263957098, 43511.217134673760, -0.803367495870, -1.762325494392, 0.200043952127, -22665.668371464340, -15735.058951128975, 29204.979158683600
187500.000000000000, -19946.988367233487, 11684.423263957098, 43511.217134673760, -0.803367495870, -1.762325494392, 0.200043952127, -22665.668371464340, -15735.058951128975, 29204.979158683600
187660.333644003287, -19946.988367233487, 11684.423263957098, 43511.217134673760, -0.803367495870, -1.762325494392, 0.200043952127, -22564.400309579447, -15979.800653712342, 28854.538007095158
188139.689335859555, -19946.988367233487, 11684.423263957098, 43511.217134673760, -0.803367495870, -1.762325494392, 0.200043952127, -22239.863206224411, -16695.888678108051, 27779.107796467644
188933.148237498477, -19946.988367233487, 11684.423263957098, 43511.217134673760, -0.803367495870, -1.762325494392, 0.200043952127, -21628.365301341713, -17824.666378646893, 25906.686317153009
190032.568386867788, -19946.988367233487, 11684.423263957098, 43511.217134673760, -0.803367495870, -1.762325494392, 0.200043952127, -20618.311177976768, -19252.705732364757, 23118.562689631133
191426.668245481822, -19946.988367233487, 11684.423263957098, 43511.217134673760, -0.803367495870, -1.762325494392, 0.200043952127, -19040.287891160951, -20781.784610756273, 19252.708434810651
193101.142462272604, -19946.988367233487, 11684.423263957098, 43511.217134673760, -0.803367495870, -1.762325494392, 0.200043952127, -16649.478085988034, -22068.115748791817, 14115.037992418165
195038.808665850258, -19946.988367233487, 11684.423263957098, 43511.217134673760, -0.803367495870, -1.762325494392, 0.200043952127, -13098.541138244118, -22492.397822715313, 7522.079508071084
197219.783778884797, -19946.988367233487, 11684.423263957098, 43511.217134673760, -0.803367495870, -1.762325494392, 0.200043952127, -7922.030752966321, -20863.952817403282, -520.033119233810
199621.688045385526, -19946.988367233487, 11684.423263957098, 43511.217134673760, -0.803367495870, -1.762325494392, 0.200043952127, -762.639139376867, -14838.000650209868, -9007.444089997027
202219.874677282438, -19946.988367233487, 11684.423263957098, 43511.217134673760, -0.803367495870, -1.762325494392, 0.200043952127, 6831.555220730967, -1721.804595457077, -13314.644874422496
204987.682763823890, -19946.988367233487, 11684.423263957098, 43511.217134673760, -0.803367495870, -1.762325494392, 0.200043952127, 9839.961823954876, 13491.126588444555, -8025.929368095753
207896.710848599381, -19946.988367233487, 11684.423263957098, 43511.217134673760, -0.803367495870, -1.762325494392, 0.200043952127, 7992.404996072181, 23385.627734610294, 2159.869101007803
210917.108366914996, -19946.988367233487, 11684.423263957098, 43511.217134673760, -0.803367495870, -1.762325494392, 0.200043952127, 4034.744914293751, 28170.575955389246, 12519.442028572783
214017.881952981988, -19946.988367233487, 11684.423263957098, 43511.217134673760, -0.803367495870, -1.762325494392, 0.200043952127, -601.676802518260, 29465.013399624353, 21645.039358359125
217167.213473790209, -19946.988367233487, 11684.423263957098, 43511.217134673760, -0.803367495870, -1.762325494392, 0.200043952127, -5286.280823073154, 28374.109138004274, 29190.051279861069
220332.786526209762, -19946.988367233487, 11684.423263957098, 43511.217134673760, -0.803367495870, -1.762325494392, 0.200043952127, -9700.069870757030, 25620.814953662542, 35093.538685744104
223482.118047018012, -19946.988367233487, 11684.423263957098, 43511.217134673760, -0.803367495870, -1.762325494392, 0.200043952127, -13659.559520221788, 21718.048774405564, 39388.256203189980
226582.891633085004, -19946.988367233487, 11684.423263957098, 43511.217134673760, -0.803367495870, -1.762325494392, 0.200043952127, -17051.840013228710, 17060.313016674812, 42149.473692867519
229603.289151400619, -19946.988367233487, 11684.423263957098, 43511.217134673760, -0.803367495870, -1.762325494392, 0.200043952127, -19808.359027195824, 11969.845084508865, 43480.707236392365
232512.317236176110, -19946.988367233487, 11684.423263957098, 43511.217134673760, -0.803367495870, -1.762325494392, 0.200043952127, -21893.780483078055, 6719.910384482430, 43510.220245062243
235280.125322717591, -19946.988367233487, 11684.423263957098, 43511.217134673760, -0.803367495870, -1.762325494392, 0.200043952127, -23301.439780062832, 1546.011970853752, 42390.781554452071
237878.311954614444, -19946.988367233487, 11684.423263957098, 43511.217134673760, -0.803367495870, -1.762325494392, 0.200043952127, -24051.993320892947, -3349.941213479819, 40300.168363814468
240280.216221115203, -19946.988367233487, 11684.423263957098, 43511.217134673760, -0.803367495870, -1.762325494392, 0.200043952127, -24193.677023872406, -7800.096062598829, 37441.286896986559
242461.191334149742, -19946.988367233487, 11684.423263957098, 43511.217134673760, -0.803367495870, -1.762325494392, 0.200043952127, -23803.178784951204, -11674.472494769214, 34041.036769640516
244398.857537727396, -19946.988367233487, 11684.423263957098, 43511.217134673760, -0.803367495870, -1.762325494392, 0.200043952127, -22986.136594974225, -14887.099525927330, 30346.891454512159
246073.331754518207, -19946.988367233487, 11684.423263957098, 43511.217134673760, -0.803367495870, -1.762325494392, 0.200043952127, -21875.939062630790, -17402.884565977423, 26619.957747400254
247467.431613132212, -19946.988367233487, 11684.423263957098, 43511.217134673760, -0.803367495870, -1.762325494392, 0.200043952127, -20629.060236204354, -19242.302482629719, 23123.417017480577
248566.851762501523, -19946.988367233487, 11684.423263957098, 43511.217134673760, -0.803367495870, -1.762325494392, 0.200043952127, -19415.062072169389, -20479.297783611251, 20106.260151306480
249360.310664140445, -19946.988367233487, 11684.423263957098, 43511.217134673760, -0.803367495870, -1.762325494392, 0.200043952127, -18400.331432570681, -21227.180178324321, 17784.311595313702
249839.666355996713, -19946.988367233487, 11684.423263957098, 43511.217134673760, -0.803367495870, -1.762325494392, 0.200043952127, -17726.965787518850, -21610.144113104772, 16322.706138578471
250000.000000000000, -19946.988367233487, 11684.423263957098, 43511.217134673760, -0.803367495870, -1.762325494392, 0.200043952127, -17491.155673207220, -21725.488405554188, 15823.977394358622
250000.000000000000, -19946.988367233487, 11684.423263957098, 43511.217134673760, -0.803367495870, -1.762325494392, 0.200043952127, -17491.155673207220, -21725.488405554188, 15823.977394358622
250160.333644003287, -19946.988367233487, 11684.423263957098, 43511.217134673760, -0.803367495870, -1.762325494392, 0.200043952127, -17249.910114513295, -21834.081429765436, 15320.331044476497
250639.689335859555, -19946.988367233487, 11684.423263957098, 43511.217134673760, -0.803367495870, -1.762325494392, 0.200043952127, -16495.432368738442, -22116.155463691426, 13785.440399232881
251433.148237498477, -19946.988367233487, 11684.423263957098, 43511.217134673760, -0.803367495870, -1.762325494392, 0.200043952127, -15132.291086933228, -22427.618146704674, 11150.837395179959
252532.568386867788, -19946.988367233487, 11684.423263957098, 43511.217134673760, -0.803367495870, -1.762325494392, 0.200043952127, -12990.742535429841, -22477.887644318220, 7318.715300565271
253926.668245481822, -19946.988367233487, 11684.423263957098, 43511.217134673760, -0.803367495870, -1.762325494392, 0.200043952127, -9814.086251260296, -21723.711117669696, 2213.757144637973
255601.142462272604, -19946.988367233487, 11684.423263957098, 43511.217134673760, -0.803367495870, -1.762325494392, 0.200043952127, -5275.106800516365, -19144.465100125468, -4030.600218231134
257538.808665850258, -19946.988367233487, 11684.423263957098, 43511.217134673760, -0.803367495870, -1.762325494392, 0.200043952127, 766.333206109134, -12914.930068943153, -10386.669153258317
259719.783778884797, -19946.988367233487, 11684.423263957098, 43511.217134673760, -0.803367495870, -1.762325494392, 0.200043952127, 6970.619349438662, -1352.948816241537, -13303.210073963039
262121.688045385526, -19946.988367233487, 11684.423263957098, 43511.217134673760, -0.803367495870, -1.762325494392, 0.200043952127, 9809.819763101885, 12064.706356950252, -8956.000519015623
264719.874677282409, -19946.988367233487, 11684.423263957098, 43511.217134673760, -0.803367495870, -1.762325494392, 0.200043952127, 8632.593719054323, 21806.125181386637, -57.774276856795
267487.682763823948, -19946.988367233487, 11684.423263957098, 43511.217134673760, -0.803367495870, -1.762325494392, 0.200043952127, 5281.254532639285, 27225.909060282200, 9673.775271985916
270396.710848599381, -19946.988367233487, 11684.423263957098, 43511.217134673760, -0.803367495870, -1.762325494392, 0.200043952127, 1012.838152676786, 29337.749432657103, 18718.482212996492
273417.108366914967, -19946.988367233487, 11684.423263957098, 43511.217134673760, -0.803367495870, -1.762325494392, 0.200043952127, -3529.517073410865, 29013.385126332596, 26545.364516746868
276517.881952981988, -19946.988367233487, 11684.423263957098, 43511.217134673760, -0.803367495870, -1.762325494392, 0.200043952127, -7986.463211337148, 26875.814514375688, 32952.726038609748
279667.213473790209, -19946.988367233487, 11684.423263957098, 43511.217134673760, -0.803367495870, -1.762325494392, 0.200043952127, -12131.102073147598, 23390.210333423784, 37863.405981958393
282832.786526209791, -19946.988367233487, 11684.423263957098, 43511.217134673760, -0.803367495870, -1.762325494392, 0.200043952127, -15806.789568782213, 18929.466297656531, 41260.338138915606
285982.118047018012, -19946.988367233487, 11684.423263957098, 43511.217134673760, -0.803367495870, -1.762325494392, 0.200043952127, -18900.267908234910, 13811.332592794608, 43164.879356715392
289082.891633085033, -19946.988367233487, 11684.423263957098, 43511.217134673760, -0.803367495870, -1.762325494392, 0.200043952127, -21329.531114505637, 8318.784079491583, 43629.534676807591
292103.289151400619, -19946.988367233487, 11684.423263957098, 43511.217134673760, -0.803367495870, -1.762325494392, 0.200043952127, -23038.477864586333, 2710.956562665532, 42736.119401783973
295012.317236176052, -19946.988367233487, 11684.423263957098, 43511.217134673760, -0.803367495870, -1.762325494392, 0.200043952127, -23995.127766940412, -2771.550646040437, 40596.297468582095
297780.125322717591, -19946.988367233487, 11684.423263957098, 43511.217134673760, -0.803367495870, -1.762325494392, 0.200043952127, -24192.087460941588, -7905.245019318335, 37353.397922393502
300378.311954614474, -19946.988367233487, 11684.423263957098, 43511.217134673760, -0.803367495870, -1.762325494392, 0.200043952127, -23648.809698019697, -12485.671910136949, 33185.057101148283
302780.216221115203, -19946.988367233487, 11684.423263957098, 43511.217134673760, -0.803367495870, -1.762325494392, 0.200043952127, -22415.584699391729, -16333.141166779915, 28306.274299958292
304961.191334149684, -19946.988367233487, 11684.423263957098, 43511.217134673760, -0.803367495870, -1.762325494392, 0.200043952127, -20579.259333457263, -19303.541362892487, 22971.968655490669
306898.857537727396, -19946.988367233487, 11684.423263957098, 43511.217134673760, -0.803367495870, -1.762325494392, 0.200043952127, -18270.199775671423, -21306.138346242285, 17476.851410375399
308573.331754518207, -19946.988367233487, 11684.423263957098, 43511.217134673760, -0.803367495870, -1.762325494392, 0.200043952127, -15668.497532197565, -22329.631899751250, 12148.177026330635
309967.431613132183, -19946.988367233487, 11684.423263957098, 43511.217134673760, -0.803367495870, -1.762325494392, 0.200043952127, -13004.414745763574, -22473.482619846403, 7324.594912784339
311066.851762501523, -19946.988367233487, 11684.423263957098, 43511.217134673760, -0.803367495870, -1.762325494392, 0.200043952127, -10544.789373674896, -21970.706622940816, 3316.087534893385
311860.310664140445, -19946.988367233487, 11684.423263957098, 43511.217134673760, -0.803367495870, -1.762325494392, 0.200043952127, -8559.078299140770, -21174.333989575563, 353.251457419889
312339.666355996742, -19946.988367233487, 11684.423263957098, 43511.217134673760, -0.803367495870, -1.762325494392, 0.200043952127, -7272.261557752812, -20481.964719806747, -1443.377980017362
312500.000000000000, -19946.988367233487, 11684.423263957098, 43511.217134673760, -0.803367495870, -1.762325494392, 0.200043952127, -6827.378010717171, -20210.811051851695, -2042.266589131393
312500.000000000000, -19946.988367233487, 11684.423263957098, 43511.217134673760, -0.803367495870, -1.762325494392, 0.200043952127, -6827.378010717171, -20210.811051851695, -2042.266589131393
312660.333644003258, -19946.988367233487, 11684.423263957098, 43511.217134673760, -0.803367495870, -1.762325494392, 0.200043952127, -6375.386743330928, -19918.610233747564, -2639.022821177159
313139.689335859555, -19946.988367233487, 11684.423263957098, 43511.217134673760, -0.803367495870, -1.762325494392, 0.200043952127, -4983.176707189596, -18912.027782600122, -4402.545206919972
313933.148237498477, -19946.988367233487, 11684.423263957098, 43511.217134673760, -0.803367495870, -1.762325494392, 0.200043952127, -2559.481678808007, -16764.089162121003, -7195.747659530001
315032.568386867817, -19946.988367233487, 11684.423263957098, 43511.217134673760, -0.803367495870, -1.762325494392, 0.200043952127, 942.143182669552, -12670.891381401934, -10538.233328920687
316426.668245481793, -19946.988367233487, 11684.423263957098, 43511.217134673760, -0.803367495870, -1.762325494392, 0.200043952127, 5155.239983787797, -5620.822001341387, -13072.217876037337
318101.142462272604, -19946.988367233487, 11684.423263957098, 43511.217134673760, -0.803367495870, -1.762325494392, 0.200043952127, 8677.791644580348, 4246.453321862811, -12409.966241017202
320038.808665850258, -19946.988367233487, 11684.423263957098, 43511.217134673760, -0.803367495870, -1.762325494392, 0.200043952127, 9848.233957272711, 14272.664706819298, -7466.574151969900
322219.783778884797, -19946.988367233487, 11684.423263957098, 43511.217134673760, -0.803367495870, -1.762325494392, 0.200043952127, 8583.391579827514, 21974.301157518606, 167.041880153866
324621.688045385526, -19946.988367233487, 11684.423263957098, 43511.217134673760, -0.803367495870, -1.762325494392, 0.200043952127, 5712.149615965422, 26820.024022666999, 8649.475241939710
327219.874677282409, -19946.988367233487, 11684.423263957098, 43511.217134673760, -0.803367495870, -1.762325494392, 0.200043952127, 1951.618766387189, 29123.745753085037, 16929.059086186942
329987.682763823948, -19946.988367233487, 11684.423263957098, 43511.217134673760, -0.803367495870, -1.762325494392, 0.200043952127, -2222.001771007092, 29314.470827811459, 24461.747763922154
332896.710848599381, -19946.988367233487, 11684.423263957098, 43511.217134673760, -0.803367495870, -1.762325494392, 0.200043952127, -6486.542640560509, 27775.688925091657, 30944.702074303172
335917.108366914967, -19946.988367233487, 11684.423263957098, 43511.217134673760, -0.803367495870, -1.762325494392, 0.200043952127, -10608.075231567653, 24838.112849223340, 36194.593433269823
339017.881952981988, -19946.988367233487, 11684.423263957098, 43511.217134673760, -0.803367495870, -1.762325494392, 0.200043952127, -14405.638904244017, 20795.770619907489, 40096.348830756950
342167.213473790209, -19946.988367233487, 11684.423263957098, 43511.217134673760, -0.803367495870, -1.762325494392, 0.200043952127, -17733.062263523905, 15920.422054291517, 42581.023901569664
345332.786526209791, -19946.988367233487, 11684.423263957098, 43511.217134673760, -0.803367495870, -1.762325494392, 0.200043952127, -20469.466427032334, 10471.627554105529, 43616.021503833450
348482.118047018012, -19946.988367233487, 11684.423263957098, 43511.217134673760, -0.803367495870, -1.762325494392, 0.200043952127, -22514.263574888741, 4703.549736724422, 43200.990271029477
351582.891633085033, -19946.988367233487, 11684.423263957098, 43511.217134673760, -0.803367495870, -1.762325494392, 0.200043952127, -23784.644711999539, -1130.215288434712, 41366.754616534803
354603.289151400619, -19946.988367233487, 11684.423263957098, 43511.217134673760, -0.803367495870, -1.762325494392, 0.200043952127, -24214.655172385155, -6772.773337892496, 38176.380716394742
357512.317236176052, -19946.988367233487, 11684.423263957098, 43511.217134673760, -0.803367495870, -1.762325494392, 0.200043952127, -23755.621751161270, -11960.312940682967, 33728.464926676374
360280.125322717591, -19946.988367233487, 11684.423263957098, 43511.217134673760, -0.803367495870, -1.762325494392, 0.200043952127, -22378.305954482916, -16418.318079150828, 28163.597919144871
362878.311954614474, -19946.988367233487, 11684.423263957098, 43511.217134673760, -0.803367495870, -1.762325494392, 0.200043952127, -20078.077549665857, -19857.870258032483, 21676.118118120554
365280.216221115203, -19946.988367233487, 11684.423263957098, 43511.217134673760, -0.803367495870, -1.762325494392, 0.200043952127, -16886.191495420047, -21974.353967748037, 14534.997729589315
367461.191334149684, -19946.988367233487, 11684.423263957098, 43511.217134673760, -0.803367495870, -1.762325494392, 0.200043952127, -12893.744075349285, -22457.314237082039, 7119.386459711473
369398.857537727396, -19946.988367233487, 11684.423263957098, 43511.217134673760, -0.803367495870, -1.762325494392, 0.200043952127, -8299.659783616173, -21038.363895814440, -29.915212865851
371073.331754518207, -19946.988367233487, 11684.423263957098, 43511.217134673760, -0.803367495870, -1.762325494392, 0.200043952127, -3487.846092011763, -17640.147127160992, -6178.101034204056
372467.431613132183, -19946.988367233487, 11684.423263957098, 43511.217134673760, -0.803367495870, -1.762325494392, 0.200043952127, 930.820053617379, -12679.681554267698, -10534.527540178460
373566.851762501523, -19946.988367233487, 11684.423263957098, 43511.217134673760, -0.803367495870, -1.762325494392, 0.200043952127, 4317.517176149276, -7271.120396111161, -12747.600463852274
374360.310664140445, -19946.988367233487, 11684.423263957098, 43511.217134673760, -0.803367495870, -1.762325494392, 0.200043952127, 6430.973789775579, -2744.306106707585, -13321.598466496200
374839.666355996742, -19946.988367233487, 11684.423263957098, 43511.217134673760, -0.803367495870, -1.762325494392, 0.200043952127, 7489.495325737431, 108.975112253725, -13198.388663291724
375000.000000000000, -19946.988367233487, 11684.423263957098, 43511.217134673760, -0.803367495870, -1.762325494392, 0.200043952127, 7800.766933629274, 1066.481903065756, -13079.137109160320
375000.000000000000, -19946.988367233487, 11684.423263957098, 43511.217134673760, -0.803367495870, -1.762325494392, 0.200043952127, 7800.766933629274, 1066.481903065756, -13079.137109160320
375160.333644003258, -19946.988367233487, 11684.423263957098, 43511.217134673760, -0.803367495870, -1.762325494392, 0.200043952127, 8089.593955656875, 2020.931754230676, -12922.241303219052
375639.689335859555, -19946.988367233487, 11684.423263957098, 43511.217134673760, -0.803367495870, -1.762325494392, 0.200043952127, 8816.910654717367, 4831.119503572839, -12242.118670663524
376433.148237498477, -19946.988367233487, 11684.423263957098, 43511.217134673760, -0.803367495870, -1.762325494392, 0.200043952127, 9581.553633156538, 9219.995848034681, -10521.796669712177
377532.568386867817, -19946.988367233487, 11684.423263957098, 43511.217134673760, -0.803367495870, -1.762325494392, 0.200043952127, 9849.585021777635, 14517.317497511915, -7284.479830152986
378926.668245481793, -19946.988367233487, 11684.423263957098, 43511.217134673760, -0.803367495870, -1.762325494392, 0.200043952127, 9219.323800248034, 19797.148097295471, -2466.999727873433
380601.142462272604, -19946.988367233487, 11684.423263957098, 43511.217134673760, -0.803367495870, -1.762325494392, 0.200043952127, 7582.831697370295, 24260.451955945347, 3562.028960726872
382538.808665850258, -19946.988367233487, 11684.423263957098, 43511.217134673760, -0.803367495870, -1.762325494392, 0.200043952127, 5061.134019656638, 27439.314197888300, 10260.135982288921
384719.783778884797, -19946.988367233487, 11684.423263957098, 43511.217134673760, -0.803367495870, -1.762325494392, 0.200043952127, 1871.824696853340, 29150.721789288127, 17113.290133612863
387121.688045385526, -19946.988367233487, 11684.423263957098, 43511.217134673760, -0.803367495870, -1.762325494392, 0.200043952127, -1751.979840717073, 29384.636886591779, 23701.135768504282
389719.874677282409, -19946.988367233487, 11684.423263957098, 43511.217134673760, -0.803367495870, -1.762325494392, 0.200043952127, -5591.896090844012, 28223.858169564934, 29694.477388874733
392487.682763823948, -19946.988367233487, 11684.423263957098, 43511.217134673760, -0.803367495870, -1.762325494392, 0.200043952127, -9450.871916818478, 25801.260818904098, 34837.024343712947
395396.710848599381, -19946.988367233487, 11684.423263957098, 43511.217134673760, -0.803367495870, -1.762325494392, 0.200043952127, -13151.996626224429, 22279.438290825743, 38929.027897134365
398417.108366914967, -19946.988367233487, 11684.423263957098, 43511.217134673760, -0.803367495870, -1.762325494392, 0.200043952127, -16535.614351257849, 17841.619540319673, 41815.811292056460
401517.881952981988, -19946.988367233487, 11684.423263957098, 43511.217134673760, -0.803367495870, -1.762325494392, 0.200043952127, -19456.553217143533, 12688.118742815202, 43380.380940859155
404667.213473790209, -19946.988367233487, 11684.423263957098, 43511.217134673760, -0.803367495870, -1.762325494392, 0.200043952127, -21781.788469500952, 7035.791164541567, 43538.912295247195
407832.786526209791, -19946.988367233487, 11684.423263957098, 43511.217134673760, -0.803367495870, -1.762325494392, 0.200043952127, -23388.405296708610, 1119.670021682197, 42238.294302894181
410982.118047018012, -19946.988367233487, 11684.423263957098, 43511.217134673760, -0.803367495870, -1.762325494392, 0.200043952127, -24161.620088611824, -4803.008552843012, 39455.450420500645
414082.891633085033, -19946.988367233487, 11684.423263957098, 43511.217134673760, -0.803367495870, -1.762325494392, 0.200043952127, -23992.643623187763, -10445.247765315720, 35198.855602797536
417103.289151400619, -19946.988367233487, 11684.423263957098, 43511.217134673760, -0.803367495870, -1.762325494392, 0.200043952127, -22776.366543791359, -15476.728832200604, 29513.947982906939
420012.317236176052, -19946.988367233487, 11684.423263957098, 43511.217134673760, -0.803367495870, -1.762325494392, 0.200043952127, -20409.645677130815, -19499.469184174708, 22497.166606878181
422780.125322717591, -19946.988367233487, 11684.423263957098, 43511.217134673760, -0.803367495870, -1.762325494392, 0.200043952127, -16794.145256052267, -22004.141979037136, 14331.627901333273
425378.311954614474, -19946.988367233487, 11684.423263957098, 43511.217134673760, -0.803367495870, -1.762325494392, 0.200043952127, -11860.556625013653, -22296.614207225288, 5381.586031948293
427780.216221115203, -19946.988367233487, 11684.423263957098, 43511.217134673760, -0.803367495870, -1.762325494392, 0.200043952127, -5682.322489940507, -19422.126840179899, -3552.813177554204
429961.191334149684, -19946.988367233487, 11684.423263957098, 43511.217134673760, -0.803367495870, -1.762325494392, 0.200043952127, 1108.070498642226, -12430.483468716815, -10683.737895216387
431898.857537727396, -19946.988367233487, 11684.423263957098, 43511.217134673760, -0.803367495870, -1.762325494392, 0.200043952127, 6670.298249919092, -2144.422313581561, -13326.376985870944
433573.331754518207, -19946.988367233487, 11684.423263957098, 43511.217134673760, -0.803367495870, -1.762325494392, 0.200043952127, 9360.805690007412, 7623.616234368350, -11242.238632060376
434967.431613132183, -19946.988367233487, 11684.423263957098, 43511.217134673760, -0.803367495870, -1.762325494392, 0.200043952127, 9856.257794902496, 14504.802004602354, -7292.638932164613
436066.851762501523, -19946.988367233487, 11684.423263957098, 43511.217134673760, -0.803367495870, -1.762325494392, 0.200043952127, 9431.930595851110, 18799.334451976214, -3527.437961223715
436860.310664140445, -19946.988367233487, 11684.423263957098, 43511.217134673760, -0.803367495870, -1.762325494392, 0.200043952127, 8820.762617022163, 21313.425769020887, -680.193452745489
437339.666355996742, -19946.988367233487, 11684.423263957098, 43511.217134673760, -0.803367495870, -1.762325494392, 0.200043952127, 8360.200821800539, 22618.001726414434, 1051.492634449206
437500.000000000000, -19946.988367233487, 11684.423263957098, 43511.217134673760, -0.803367495870, -1.762325494392, 0.200043952127, 8193.461161840354, 23020.898357472222, 1629.729318214201
437500.000000000000, -19946.988367233487, 11684.423263957098, 43511.217134673760, -0.803367495870, -1.762325494392, 0.200043952127, 8193.461161840354, 23020.898357472222, 1629.729318214201
437660.333644003258, -19946.988367233487, 11684.423263957098, 43511.217134673760, -0.803367495870, -1.762325494392, 0.200043952127, 8021.003819043864, 23407.731136567698, 2206.830964907345
438139.689335859555, -19946.988367233487, 11684.423263957098, 43511.217134673760, -0.803367495870, -1.762325494392, 0.200043952127, 7474.725968740512, 24472.531510923578, 3922.233686057157
438933.148237498477, -19946.988367233487, 11684.423263957098, 43511.217134673760, -0.803367495870, -1.762325494392, 0.200043952127, 6487.007485848930, 25955.720642217064, 6713.682371506561
440032.568386867817, -19946.988367233487, 11684.423263957098, 43511.217134673760, -0.803367495870, -1.762325494392, 0.200043952127, 4994.356189469228, 27505.193554482496, 10446.685726845391
441426.668245481793, -19946.988367233487, 11684.423263957098, 43511.217134673760, -0.803367495870, -1.762325494392, 0.200043952127, 2974.910933479514, 28761.108358619989, 14907.520406703810
443101.142462272604, -19946.988367233487, 11684.423263957098, 43511.217134673760, -0.803367495870, -1.762325494392, 0.200043952127, 462.838816895301, 29420.941096184761, 19823.346779190088
445038.808665850258, -19946.988367233487, 11684.423263957098, 43511.217134673760, -0.803367495870, -1.762325494392, 0.200043952127, -2457.859399802609, 29270.178764651464, 24894.720231031817
447219.783778884797, -19946.988367233487, 11684.423263957098, 43511.217134673760, -0.803367495870, -1.762325494392, 0.200043952127, -5668.326512162027, 28185.039186643698, 29824.049028172543
449621.688045385526, -19946.988367233487, 11684.423263957098, 43511.217134673760, -0.803367495870, -1.762325494392, 0.200043952127, -9029.440186391354, 26121.152730471818, 34333.523214013374
452219.874677282409, -19946.988367233487, 11684.423263957098, 43511.217134673760, -0.803367495870, -1.762325494392, 0.200043952127, -12392.460773345614, 23098.905291488329, 38173.713929742858
454987.682763823948, -19946.988367233487, 11684.423263957098, 43511.217134673760, -0.803367495870, -1.762325494392, 0.200043952127, -15605.620087964398, 19190.674610049075, 41126.307968953290
457896.710848599381, -19946.988367233487, 11684.423263957098, 43511.217134673760, -0.803367495870, -1.762325494392, 0.200043952127, -18517.630127947898, 14511.611376287748, 43003.870629477118
460917.108366914967, -19946.988367233487, 11684.423263957098, 43511.217134673760, -0.803367495870, -1.762325494392, 0.200043952127, -20979.039137774893, 9214.136003438576, 43648.400136281118
464017.881952981988, -19946.988367233487, 11684.423263957098, 43511.217134673760, -0.803367495870, -1.762325494392, 0.200043952127, -22841.980768066758, 3486.114920186989, 42929.615557977304
467167.213473790209, -19946.988367233487, 11684.423263957098, 43511.217134673760, -0.803367495870, -1.762325494392, 0.200043952127, -23958.456481196445, -2446.820483106792, 40743.552028570040
470332.786526209791, -19946.988367233487, 11684.423263957098, 43511.217134673760, -0.803367495870, -1.762325494392, 0.200043952127, -24176.912179404375, -8313.220205587191, 37012.157915288721
473482.118047018012, -19946.988367233487, 11684.423263957098, 43511.217134673760, -0.803367495870, -1.762325494392, 0.200043952127, -23336.515126958253, -13778.189979684850, 31685.536470515461
476582.891633085033, -19946.988367233487, 11684.423263957098, 43511.217134673760, -0.803367495870, -1.762325494392, 0.200043952127, -21258.422896600121, -18407.526636072977, 24751.663921312487
479603.289151400619, -19946.988367233487, 11684.423263957098, 43511.217134673760, -0.803367495870, -1.762325494392, 0.200043952127, -17735.074782836666, -21593.923187838958, 16269.240366045828
482512.317236176052, -19946.988367233487, 11684.423263957098, 43511.217134673760, -0.803367495870, -1.762325494392, 0.200043952127, -12532.122674058584, -22402.268076354543, 6479.763285371630
485280.125322717591, -19946.988367233487, 11684.423263957098, 43511.217134673760, -0.803367495870, -1.762325494392, 0.200043952127, -5505.218209556744, -19284.933706466272, -3785.523870370981
487878.311954614474, -19946.988367233487, 11684.423263957098, 43511.217134673760, -0.803367495870, -1.762325494392, 0.200043952127, 2619.264588344133, -10190.405874681293, -11798.205433635090
490280.216221115203, -19946.988367233487, 11684.423263957098, 43511.217134673760, -0.803367495870, -1.762325494392, 0.200043952127, 8491.750859427773, 3469.243011936900, -12613.126615381834
492461.191334149684, -19946.988367233487, 11684.423263957098, 43511.217134673760, -0.803367495870, -1.762325494392, 0.200043952127, 9855.372855036721, 14748.301727567361, -7108.306949580324
494398.857537727396, -19946.988367233487, 11684.423263957098, 43511.217134673760, -0.803367495870, -1.762325494392, 0.200043952127, 8737.511792151210, 21600.222721717368, -314.464436503310
496073.331754518207, -19946.988367233487, 11684.423263957098, 43511.217134673760, -0.803367495870, -1.762325494392, 0.200043952127, 6878.276476083763, 25437.851498354208, 5676.406314770506
497467.431613132183, -19946.988367233487, 11684.423263957098, 43511.217134673760, -0.803367495870, -1.762325494392, 0.200043952127, 5009.695734027914, 27501.918952856504, 10438.188016152950
498566.851762501523, -19946.988367233487, 11684.423263957098, 43511.217134673760, -0.803367495870, -1.762325494392, 0.200043952127, 3425.854923845604, 28552.800197804801, 13983.648461257784
499360.310664140445, -19946.988367233487, 11684.423263957098, 43511.217134673760, -0.803367495870, -1.762325494392, 0.200043952127, 2248.999201797969, 29045.166913102581, 16415.444664765662
499839.666355996742, -19946.988367233487, 11684.423263957098, 43511.217134673760, -0.803367495870, -1.762325494392, 0.200043952127, 1530.004813902033, 29246.622817331918, 17831.354585504945
500000.000000000000, -19946.988367233487, 11684.423263957098, 43511.217134673760, -0.803367495870, -1.762325494392, 0.200043952127, 1288.645029281266, 29298.947048463626, 18295.913944262724
500000.000000000000, -19946.988367233487, 11684.423263957098, 43511.217134673760, -0.803367495870, -1.762325494392, 0.200043952127, 1288.645029281266, 29298.947048463626, 18295.913944262724
500160.333644003258, -19946.988367233487, 11684.423263957098, 43511.217134673760, -0.803367495870, -1.762325494392, 0.200043952127, 1046.965784703924, 29344.001966715568, 18755.933551940161
500639.689335859555, -19946.988367233487, 11684.423263957098, 43511.217134673760, -0.803367495870, -1.762325494392, 0.200043952127, 323.143682202081, 29436.914757148032, 20104.159499654321
501433.148237498477, -19946.988367233487, 11684.423263957098, 43511.217134673760, -0.803367495870, -1.762325494392, 0.200043952127, -875.747760808674, 29461.647989584053, 22246.546716365698
502532.568386867817, -19946.988367233487, 11684.423263957098, 43511.217134673760, -0.803367495870, -1.762325494392, 0.200043952127, -2528.769566256916, 29256.045199581400, 25032.073802258117
503926.668245481793, -19946.988367233487, 11684.423263957098, 43511.217134673760, -0.803367495870, -1.762325494392, 0.200043952127, -4593.368602187955, 28645.870121844935, 28262.913353933898
505601.142462272604, -19946.988367233487, 11684.423263957098, 43511.217134673760, -0.803367495870, -1.762325494392, 0.200043952127, -7001.570337641459, 27474.761248548126, 31708.720591827005
507538.808665850258, -19946.988367233487, 11684.423263957098, 43511.217134673760, -0.803367495870, -1.762325494392, 0.200043952127, -9660.781482573895, 25624.413261494872, 35122.230929022160
509719.783778884797, -19946.988367233487, 11684.423263957098, 43511.217134673760, -0.803367495870, -1.762325494392, 0.200043952127, -12457.658347096734, 23024.631240298007, 38253.181341963100
512121.688045385526, -19946.988367233487, 11684.423263957098, 43511.217134673760, -0.803367495870, -1.762325494392, 0.200043952127, -15262.983817052142, 19656.017699477030, 40858.847890006735
514719.874677282409, -19946.988367233487, 11684.423263957098, 43511.217134673760, -0.803367495870, -1.762325494392, 0.200043952127, -17936.030807733201, 15548.746040226008, 42710.926706048376
517487.682763823948, -19946.988367233487, 11684.423263957098, 43511.217134673760, -0.803367495870, -1.762325494392, 0.200043952127, -20327.595793851273, 10780.298977636290, 43599.332751846137
520396.710848599381, -19946.988367233487, 11684.423263957098, 43511.217134673760, -0.803367495870, -1.762325494392, 0.200043952127, -22281.321013675322, 5474.310703429680, 43333.742253501616
523417.108366914967, -19946.988367233487, 11684.423263957098, 43511.217134673760, -0.803367495870, -1.762325494392, 0.200043952127, -23633.012777021919, -197.632463597865, 41743.663178221155
526517.881952981930, -19946.988367233487, 11684.423263957098, 43511.217134673760, -0.803367495870, -1.762325494392, 0.200043952127, -24207.447202241667, -6008.831562982450, 38677.819898502574
529667.213473790209, -19946.988367233487, 11684.423263957098, 43511.217134673760, -0.803367495870, -1.762325494392, 0.200043952127, -23811.644416913801, -11660.558374239086, 34004.136633064874
532832.786526209791, -19946.988367233487, 11684.423263957098, 43511.217134673760, -0.803367495870, -1.762325494392, 0.200043952127, -22222.797058808803, -16745.839404077047, 27613.813851707717
535982.118047018070, -19946.988367233487, 11684.423263957098, 43511.217134673760, -0.803367495870, -1.762325494392, 0.200043952127, -19168.626875834965, -20671.191125731882, 19441.546411882784
539082.891633084975, -19946.988367233487, 11684.423263957098, 43511.217134673760, -0.803367495870, -1.762325494392, 0.200043952127, -14304.364573464942, -22478.917338124502, 9549.666453172822
542103.289151400677, -19946.988367233487, 11684.423263957098, 43511.217134673760, -0.803367495870, -1.762325494392, 0.200043952127, -7257.531962011839, -20442.327651076354, -1507.901194070628
545012.317236176110, -19946.988367233487, 11684.423263957098, 43511.217134673760, -0.803367495870, -1.762325494392, 0.200043952127, 1663.730069679711, -11631.610828632631, -11125.061898258624
547780.125322717591, -19946.988367233487, 11684.423263957098, 43511.217134673760, -0.803367495870, -1.762325494392, 0.200043952127, 8586.795836044474, 3835.628766247419, -12520.826227239535
550378.311954614474, -19946.988367233487, 11684.423263957098, 43511.217134673760, -0.803367495870, -1.762325494392, 0.200043952127, 9734.368150451895, 16720.041661347848, -5496.195705736904
552780.216221115203, -19946.988367233487, 11684.423263957098, 43511.217134673760, -0.803367495870, -1.762325494392, 0.200043952127, 7766.402236287291, 23966.712941860813, 3086.752579199414
554961.191334149684, -19946.988367233487, 11684.423263957098, 43511.217134673760, -0.803367495870, -1.762325494392, 0.200043952127, 4941.471518456498, 27566.991277743957, 10624.968022996232
556898.857537727337, -19946.988367233487, 11684.423263957098, 43511.217134673760, -0.803367495870, -1.762325494392, 0.200043952127, 2109.808308830448, 29094.277183145259, 16717.647463343350
558573.331754518207, -19946.988367233487, 11684.423263957098, 43511.217134673760, -0.803367495870, -1.762325494392, 0.200043952127, -414.245094840155, 29472.292907055209, 21457.061940406275
559967.431613132241, -19946.988367233487, 11684.423263957098, 43511.217134673760, -0.803367495870, -1.762325494392, 0.200043952127, -2512.183137972262, 29259.570179382550, 25025.858055888719
561066.851762501523, -19946.988367233487, 11684.423263957098, 43511.217134673760, -0.803367495870, -1.762325494392, 0.200043952127, -4144.280192117241, 28809.363302681992, 27602.003876432438
561860.310664140503, -19946.988367233487, 11684.423263957098, 43511.217134673760, -0.803367495870, -1.762325494392, 0.200043952127, -5303.541448988854, 28349.045970537019, 29332.982585763300
562339.666355996742, -19946.988367233487, 11684.423263957098, 43511.217134673760, -0.803367495870, -1.762325494392, 0.200043952127, -5994.816465633094, 28020.813498682466, 30327.382530041516
562500.000000000000, -19946.988367233487, 11684.423263957098, 43511.217134673760, -0.803367495870, -1.762325494392, 0.200043952127, -6224.373379727998, 27903.046689490900, 30651.434128021068
562500.000000000000, -19946.988367233487, 11684.423263957098, 43511.217134673760, -0.803367495870, -1.762325494392, 0.200043952127, -6224.373379727998, 27903.046689490900, 30651.434128021068
562660.333644003258, -19946.988367233487, 11684.423263957098, 43511.217134673760, -0.803367495870, -1.762325494392, 0.200043952127, -6453.064182320277, 27781.397524114665, 30971.220268637535
563139.689335859497, -19946.988367233487, 11684.423263957098, 43511.217134673760, -0.803367495870, -1.762325494392, 0.200043952127, -7131.430635340766, 27395.216387251239, 31901.987278927700
563933.148237498477, -19946.988367233487, 11684.423263957098, 43511.217134673760, -0.803367495870, -1.762325494392, 0.200043952127, -8235.589344365484, 26685.698039610303, 33360.045846704190
565032.568386867759, -19946.988367233487, 11684.423263957098, 43511.217134673760, -0.803367495870, -1.762325494392, 0.200043952127, -9723.687312985427, 25569.529879021138, 35212.616857481407
566426.668245481793, -19946.988367233487, 11684.423263957098, 43511.217134673760, -0.803367495870, -1.762325494392, 0.200043952127, -11534.213647087574, 23956.146395799824, 37286.969927138598
568101.142462272663, -19946.988367233487, 11684.423263957098, 43511.217134673760, -0.803367495870, -1.762325494392, 0.200043952127, -13585.386202870628, 21764.831747898450, 39381.361465281065
570038.808665850316, -19946.988367233487, 11684.423263957098, 43511.217134673760, -0.803367495870, -1.762325494392, 0.200043952127, -15775.897886931660, 18938.692352287413, 41276.183740515444
572219.783778884797, -19946.988367233487, 11684.423263957098, 43511.217134673760, -0.803367495870, -1.762325494392, 0.200043952127, -17986.628264409865, 15454.505097098308, 42743.927320749455
574621.688045385526, -19946.988367233487, 11684.423263957098, 43511.217134673760, -0.803367495870, -1.762325494392, 0.200043952127, -20082.567631710113, 11329.079108613707, 43557.071275204929
577219.874677282409, -19946.988367233487, 11684.423263957098, 43511.217134673760, -0.803367495870, -1.762325494392, 0.200043952127, -21914.133353292069, 6623.731863369273, 43493.573016869057
579987.682763823890, -19946.988367233487, 11684.423263957098, 43511.217134673760, -0.803367495870, -1.762325494392, 0.200043952127, -23317.078528951013, 1449.018688202918, 42340.044199506352
582896.710848599323, -19946.988367233487, 11684.423263957098, 43511.217134673760, -0.803367495870, -1.762325494392, 0.200043952127, -24110.088215290329, -4027.486989979569, 39892.976729481670
585917.108366915025, -19946.988367233487, 11684.423263957098, 43511.217134673760, -0.803367495870, -1.762325494392, 0.200043952127, -24088.740629642056, -9565.960234695618, 35958.772385932076
589017.881952981930, -19946.988367233487, 11684.423263957098, 43511.217134673760, -0.803367495870, -1.762325494392, 0.200043952127, -23013.575553761224, -14823.025381549573, 30354.635468183300
592167.213473790209, -19946.988367233487, 11684.423263957098, 43511.217134673760, -0.803367495870, -1.762325494392, 0.200043952127, -20588.499440339991, -19284.547502905018, 22917.611172185629
595332.786526209791, -19946.988367233487, 11684.423263957098, 43511.217134673760, -0.803367495870, -1.762325494392, 0.200043952127, -16426.061422899533, -22111.164216506739, 13551.765749328377
598482.118047018070, -19946.988367233487, 11684.423263957098, 43511.217134673760, -0.803367495870, -1.762325494392, 0.200043952127, -10025.482436775150, -21758.461654459723, 2456.562437016140
601582.891633084975, -19946.988367233487, 11684.423263957098, 43511.217134673760, -0.803367495870, -1.762325494392, 0.200043952127, -1115.431992741865, -15191.533974323494, -8712.905161400558
604603.289151400677, -19946.988367233487, 11684.423263957098, 43511.217134673760, -0.803367495870, -1.762325494392, 0.200043952127, 7521.602385935214, 196.457650593139, -13190.706010678654
607512.317236176110, -19946.988367233487, 11684.423263957098, 43511.217134673760, -0.803367495870, -1.762325494392, 0.200043952127, 9833.812895558318, 15493.370041742879, -6523.312130983573
610280.125322717591, -19946.988367233487, 11684.423263957098, 43511.217134673760, -0.803367495870, -1.762325494392, 0.200043952127, 7703.649919574032, 24102.922608770554, 3311.081793619692
612878.311954614474, -19946.988367233487, 11684.423263957098, 43511.217134673760, -0.803367495870, -1.762325494392, 0.200043952127, 4268.309732294940, 28071.425746197430, 12192.520123559665
615280.216221115319, -19946.988367233487, 11684.423263957098, 43511.217134673760, -0.803367495870, -1.762325494392, 0.200043952127, 701.320114496551, 29401.838921874478, 19450.663558214401
617461.191334149684, -19946.988367233487, 11684.423263957098, 43511.217134673760, -0.803367495870, -1.762325494392, 0.200043952127, -2584.288909375817, 29244.827773653986, 25163.238847077046
619398.857537727337, -19946.988367233487, 11684.423263957098, 43511.217134673760, -0.803367495870, -1.762325494392, 0.200043952127, -5437.870219297920, 28286.725502964808, 29546.259926878254
621073.331754518091, -19946.988367233487, 11684.423263957098, 43511.217134673760, -0.803367495870, -1.762325494392, 0.200043952127, -7812.930699275134, 26966.350434448876, 32826.169991502029
622467.431613132241, -19946.988367233487, 11684.423263957098, 43511.217134673760, -0.803367495870, -1.762325494392, 0.200043952127, -9708.754652642552, 25578.110262072605, 35208.927631908089
623566.851762501523, -19946.988367233487, 11684.423263957098, 43511.217134673760, -0.803367495870, -1.762325494392, 0.200043952127, -11144.537028560791, 24323.800821421159, 36870.607002314231
624360.310664140503, -19946.988367233487, 11684.423263957098, 43511.217134673760, -0.803367495870, -1.762325494392, 0.200043952127, -12145.707839057930, 23340.672981494994, 37952.905825104499
624839.666355996742, -19946.988367233487, 11684.423263957098, 43511.217134673760, -0.803367495870, -1.762325494392, 0.200043952127, -12735.644047898990, 22717.596910393935, 38559.827321058176
625000.000000000000, -19946.988367233487, 11684.423263957098, 43511.217134673760, -0.803367495870, -1.762325494392, 0.200043952127, -12930.394831903553, 22504.532275902780, 38754.993517307630
625000.000000000000, -19946.988367233487, 11684.423263957098, 43511.217134673760, -0.803367495870, -1.762325494392, 0.200043952127, -12930.394831903553, 22504.532275902780, 38754.993517307630
625160.333644003258, -19946.988367233487, 11684.423263957098, 43511.217134673760, -0.803367495870, -1.762325494392, 0.200043952127, -13123.840241897757, 22289.195706326984, 38946.246313159558
625639.689335859497, -19946.988367233487, 11684.423263957098, 43511.217134673760, -0.803367495870, -1.762325494392, 0.200043952127, -13694.305295172451, 21632.215351365827, 39494.783850715852
626433.148237498477, -19946.988367233487, 11684.423263957098, 43511.217134673760, -0.803367495870, -1.762325494392, 0.200043952127, -14612.021464509229, 20503.435418467234, 40326.608706922307
627532.568386867759, -19946.988367233487, 11684.423263957098, 43511.217134673760, -0.803367495870, -1.762325494392, 0.200043952127, -15826.988355644135, 18861.072802511855, 41323.673550798580
628926.668245481909, -19946.988367233487, 11684.423263957098, 43511.217134673760, -0.803367495870, -1.762325494392, 0.200043952127, -17268.747784725256, 16662.284445755904, 42330.919091242926
630601.142462272663, -19946.988367233487, 11684.423263957098, 43511.217134673760, -0.803367495870, -1.762325494392, 0.200043952127, -18846.486067981637, 13874.671816892052, 43164.554558568103
632538.808665850316, -19946.988367233487, 11684.423263957098, 43511.217134673760, -0.803367495870, -1.762325494392, 0.200043952127, -20449.430083432595, 10487.171924937866, 43620.428961862504
634719.783778884681, -19946.988367233487, 11684.423263957098, 43511.217134673760, -0.803367495870, -1.762325494392, 0.200043952127, -21947.190898055087, 6519.776615107280, 43481.487169863663
637121.688045385526, -19946.988367233487, 11684.423263957098, 43511.217134673760, -0.803367495870, -1.762325494392, 0.200043952127, -23189.423287027439, 2032.651967302796, 42523.594309883221
639719.874677282409, -19946.988367233487, 11684.423263957098, 43511.217134673760, -0.803367495870, -1.762325494392, 0.200043952127, -24003.879233136362, -2863.558913499696, 40519.350539913496
642487.682763823890, -19946.988367233487, 11684.423263957098, 43511.217134673760, -0.803367495870, -1.762325494392, 0.200043952127, -24191.488077510134, -7992.773427697373, 37239.921311767015
645396.710848599323, -19946.988367233487, 11684.423263957098, 43511.217134673760, -0.803367495870, -1.762325494392, 0.200043952127, -23516.226081511319, -13086.993794520095, 32455.745750199203
648417.108366915025, -19946.988367233487, 11684.423263957098, 43511.217134673760, -0.803367495870, -1.762325494392, 0.200043952127, -21685.874749013958, -17733.142325930432, 25939.900754855924
651517.881952981930, -19946.988367233487, 11684.423263957098, 43511.217134673760, -0.803367495870, -1.762325494392, 0.200043952127, -18317.607631958908, -21254.987147700405, 17490.305139528260
654667.213473790209, -19946.988367233487, 11684.423263957098, 43511.217134673760, -0.803367495870, -1.762325494392, 0.200043952127, -12889.591253449526, -22423.566328512916, 7047.951854832318
657832.786526209791, -19946.988367233487, 11684.423263957098, 43511.217134673760, -0.803367495870, -1.762325494392, 0.200043952127, -4813.347709717875, -18729.717666000597, -4662.391836043961
660982.118047018070, -19946.988367233487, 11684.423263957098, 43511.217134673760, -0.803367495870, -1.762325494392, 0.200043952127, 4958.406203098027, -6001.949811780291, -13013.727647884250
664082.891633084975, -19946.988367233487, 11684.423263957098, 43511.217134673760, -0.803367495870, -1.762325494392, 0.200043952127, 9817.584666733104, 11565.529936512889, -9249.974022362498
667103.289151400677, -19946.988367233487, 11684.423263957098, 43511.217134673760, -0.803367495870, -1.762325494392, 0.200043952127, 8379.901070878590, 22648.038193231954, 1104.811834768148
670012.317236176110, -19946.988367233487, 11684.423263957098, 43511.217134673760, -0.803367495870, -1.762325494392, 0.200043952127, 4712.612693665074, 27761.963274497779, 11206.498922555043
672780.125322717591, -19946.988367233487, 11684.423263957098, 43511.217134673760, -0.803367495870, -1.762325494392, 0.200043952127, 618.218477628743, 29414.316772540307, 19626.610090263002
675378.311954614474, -19946.988367233487, 11684.423263957098, 43511.217134673760, -0.803367495870, -1.762325494392, 0.200043952127, -3287.479469002608, 29074.333477770422, 26308.717140108034
677780.216221115319, -19946.988367233487, 11684.423263957098, 43511.217134673760, -0.803367495870, -1.762325494392, 0.200043952127, -6777.450367980869, 27596.839067073979, 31452.617265586014
679961.191334149684, -19946.988367233487, 11684.423263957098, 43511.217134673760, -0.803367495870, -1.762325494392, 0.200043952127, -9772.701836302671, 25522.704837264188, 35299.341749264291
681898.857537727337, -19946.988367233487, 11684.423263957098, 43511.217134673760, -0.803367495870, -1.762325494392, 0.200043952127, -12260.796376873155, 23217.820279143896, 38084.632436168438
683573.331754518091, -19946.988367233487, 11684.423263957098, 43511.217134673760, -0.803367495870, -1.762325494392, 0.200043952127, -14262.540140526789, 20939.918892189784, 40026.969646010315
684967.431613132241, -19946.988367233487, 11684.423263957098, 43511.217134673760, -0.803367495870, -1.762325494392, 0.200043952127, -15815.267059280435, 18873.565620331163, 41322.585280997235
686066.851762501523, -19946.988367233487, 11684.423263957098, 43511.217134673760, -0.803367495870, -1.762325494392, 0.200043952127, -16962.479530434121, 17150.271624674788, 42141.266708890056
686860.310664140503, -19946.988367233487, 11684.423263957098, 43511.217134673760, -0.803367495870, -1.762325494392, 0.200043952127, -17746.260520070635, 15861.175939379391, 42621.838188327907
687339.666355996742, -19946.988367233487, 11684.423263957098, 43511.217134673760, -0.803367495870, -1.762325494392, 0.200043952127, -18201.296093863060, 15065.600353706444, 42867.591057424790
687500.000000000000, -19946.988367233487, 11684.423263957098, 43511.217134673760, -0.803367495870, -1.762325494392, 0.200043952127, -18350.335713683558, 14796.837720244373, 42942.314411840198
687500.000000000000, -19946.988367233487, 11684.423263957098, 43511.217134673760, -0.803367495870, -1.762325494392, 0.200043952127, -18350.335713683558, 14796.837720244373, 42942.314411840198
687660.333644003258, -19946.988367233487, 11684.423263957098, 43511.217134673760, -0.803367495870, -1.762325494392, 0.200043952127, -18497.776284080719, 14526.785738930716, 43013.294690011615
688139.689335859497, -19946.988367233487, 11684.423263957098, 43511.217134673760, -0.803367495870, -1.762325494392, 0.200043952127, -18928.956552792159, 13711.971983501911, 43203.204544637229
688933.148237498477, -19946.988367233487, 11684.423263957098, 43511.217134673760, -0.803367495870, -1.762325494392, 0.200043952127, -19610.414383838386, 12340.290923553594, 43444.200342792057
690032.568386867759, -19946.988367233487, 11684.423263957098, 43511.217134673760, -0.803367495870, -1.762325494392, 0.200043952127, -20486.267820610949, 10397.455165747802, 43627.161168203005
691426.668245481909, -19946.988367233487, 11684.423263957098, 43511.217134673760, -0.803367495870, -1.762325494392, 0.200043952127, -21478.058827130611, 7874.811323026036, 43606.920663616766
693101.142462272663, -19946.988367233487, 11684.423263957098, 43511.217134673760, -0.803367495870, -1.762325494392, 0.200043952127, -22484.440199100405, 4778.765796081556, 43208.356900445709
695038.808665850316, -19946.988367233487, 11684.423263957098, 43511.217134673760, -0.803367495870, -1.762325494392, 0.200043952127, -23380.395438803116, 1141.293058980237, 42232.419670672054
697219.783778884681, -19946.988367233487, 11684.423263957098, 43511.217134673760, -0.803367495870, -1.762325494392, 0.200043952127, -24015.364312676138, -2968.091809747404, 40461.253434291109
699621.688045385526, -19946.988367233487, 11684.423263957098, 43511.217134673760, -0.803367495870, -1.762325494392, 0.200043952127, -24209.174680652657, -7426.994562693438, 37661.808949538819
702219.874677282409, -19946.988367233487, 11684.423263957098, 43511.217134673760, -0.803367495870, -1.762325494392, 0.200043952127, -23743.887118039976, -12036.777883439485, 33587.873595183213
704987.682763823890, -19946.988367233487, 11684.423263957098, 43511.217134673760, -0.803367495870, -1.762325494392, 0.200043952127, -22348.194541829296, -16480.476632037811, 27982.111748647054
707896.710848599323, -19946.988367233487, 11684.423263957098, 43511.217134673760, -0.803367495870, -1.762325494392, 0.200043952127, -19668.534406065912, -20235.691676281927, 20586.307157773146
710917.108366915025, -19946.988367233487, 11684.423263957098, 43511.217134673760, -0.803367495870, -1.762325494392, 0.200043952127, -15220.381516397472, -22370.687169095818, 11198.841922292329
714017.881952981930, -19946.988367233487, 11684.423263957098, 43511.217134673760, -0.803367495870, -1.762325494392, 0.200043952127, -8356.499189923841, -21019.314209894030, -11.312717871329
717167.213473790209, -19946.988367233487, 11684.423263957098, 43511.217134673760, -0.803367495870, -1.762325494392, 0.200043952127, 1148.089615838698, -12339.607925425400, -10733.734576125451
720332.786526209791, -19946.988367233487, 11684.423263957098, 43511.217134673760, -0.803367495870, -1.762325494392, 0.200043952127, 8916.886643788026, 5221.515425239366, -12118.036049404533
723482.118047018070, -19946.988367233487, 11684.423263957098, 43511.217134673760, -0.803367495870, -1.762325494392, 0.200043952127, 9313.359404942015, 19560.891455920664, -2709.887196797694
726582.891633084975, -19946.988367233487, 11684.423263957098, 43511.217134673760, -0.803367495870, -1.762325494392, 0.200043952127, 5924.158570786673, 26669.753770951273, 8308.560377154048
729603.289151400677, -19946.988367233487, 11684.423263957098, 43511.217134673760, -0.803367495870, -1.762325494392, 0.200043952127, 1554.647932577171, 29254.008630458535, 17873.852742584113
732512.317236176110, -19946.988367233487, 11684.423263957098, 43511.217134673760, -0.803367495870, -1.762325494392, 0.200043952127, -2824.787146692040, 29190.835313159230, 25589.879689519406
735280.125322717591, -19946.988367233487, 11684.423263957098, 43511.217134673760, -0.803367495870, -1.762325494392, 0.200043952127, -6854.907428319676, 27550.077454079819, 31574.331613219132
737878.311954614474, -19946.988367233487, 11684.423263957098, 43511.217134673760, -0.803367495870, -1.762325494392, 0.200043952127, -10394.543109024658, 24994.450539608944, 36044.320015433645
740280.216221115319, -19946.988367233487, 11684.423263957098, 43511.217134673760, -0.803367495870, -1.762325494392, 0.200043952127, -13397.587855228672, 21970.254334272253, 39232.858206340337
742461.191334149684, -19946.988367233487, 11684.423263957098, 43511.217134673760, -0.803367495870, -1.762325494392, 0.200043952127, -15867.342314241081, 18795.530718589966, 41370.101114809491
744398.857537727337, -19946.988367233487, 11684.423263957098, 43511.217134673760, -0.803367495870, -1.762325494392, 0.200043952127, -17836.064822018070, 15703.780190552567, 42677.920694726890
746073.331754518091, -19946.988367233487, 11684.423263957098, 43511.217134673760, -0.803367495870, -1.762325494392, 0.200043952127, -19353.532283726963, 12867.599059440452, 43366.292207407059
747467.431613132241, -19946.988367233487, 11684.423263957098, 43511.217134673760, -0.803367495870, -1.762325494392, 0.200043952127, -20478.845446332987, 10412.920216376724, 43628.806561577454
748566.851762501523, -19946.988367233487, 11684.423263957098, 43511.217134673760, -0.803367495870, -1.762325494392, 0.200043952127, -21273.298260929078, 8428.845613067846, 43636.962288915893
749360.310664140503, -19946.988367233487, 11684.423263957098, 43511.217134673760, -0.803367495870, -1.762325494392, 0.200043952127, -21793.636047584310, 6975.390093059945, 43533.676012444485
749839.666355996742, -19946.988367233487, 11684.423263957098, 43511.217134673760, -0.803367495870, -1.762325494392, 0.200043952127, -22085.805865803391, 6089.992047511832, 43426.797467703967
750000.000000000000, -19946.988367233487, 11684.423263957098, 43511.217134673760, -0.803367495870, -1.762325494392, 0.200043952127, -22179.732695427851, 5792.762726274811, 43383.554121363697
750000.000000000000, -19946.988367233487, 11684.423263957098, 43511.217134673760, -0.803367495870, -1.762325494392, 0.200043952127, -22179.732695427851, 5792.762726274811, 43383.554121363697
750160.333644003258, -19946.988367233487, 11684.423263957098, 43511.217134673760, -0.803367495870, -1.762325494392, 0.200043952127, -22271.736324985530, 5495.031274681567, 43336.547905561507
750639.689335859497, -19946.988367233487, 11684.423263957098, 43511.217134673760, -0.803367495870, -1.762325494392, 0.200043952127, -22535.213013546618, 4602.143937168499, 43173.530912436559
751433.148237498477, -19946.988367233487, 11684.423263957098, 43511.217134673760, -0.803367495870, -1.762325494392, 0.200043952127, -22932.433881737386, 3116.600724036232, 42829.398539326736
752532.568386867759, -19946.988367233487, 11684.423263957098, 43511.217134673760, -0.803367495870, -1.762325494392, 0.200043952127, -23400.044743190334, 1047.717432025492, 42198.439149569123
753926.668245481909, -19946.988367233487, 11684.423263957098, 43511.217134673760, -0.803367495870, -1.762325494392, 0.200043952127, -23848.146751438311, -1580.927455156807, 41137.960852111137
755601.142462272663, -19946.988367233487, 11684.423263957098, 43511.217134673760, -0.803367495870, -1.762325494392, 0.200043952127, -24158.484691352875, -4721.191172452908, 39472.352952248752
757538.808665850316, -19946.988367233487, 11684.423263957098, 43511.217134673760, -0.803367495870, -1.762325494392, 0.200043952127, -24180.964506322514, -8286.322108571803, 36996.830454444360
759719.783778884681, -19946.988367233487, 11684.423263957098, 43511.217134673760, -0.803367495870, -1.762325494392, 0.200043952127, -23727.069096994106, -12130.351767734051, 33480.317358132030
762121.688045385526, -19946.988367233487, 11684.423263957098, 43511.217134673760, -0.803367495870, -1.762325494392, 0.200043952127, -22557.560974516131, -16013.818651997000, 28667.856405165348
764719.874677282409, -19946.988367233487, 11684.423263957098, 43511.217134673760, -0.803367495870, -1.762325494392, 0.200043952127, -20359.764451119281, -19538.217202683638, 22286.631583997150
767487.682763823890, -19946.988367233487, 11684.423263957098, 43511.217134673760, -0.803367495870, -1.762325494392, 0.200043952127, -16707.327398794961, -22002.500211028932, 14075.963615272452
770396.710848599323, -19946.988367233487, 11684.423263957098, 43511.217134673760, -0.803367495870, -1.762325494392, 0.200043952127, -11007.946450583249, -22048.501034266843, 3944.957208053195
773417.108366915025, -19946.988367233487, 11684.423263957098, 43511.217134673760, -0.803367495870, -1.762325494392, 0.200043952127, -2654.551908569749, -16793.133875808002, -7147.141549434124
776517.881952981930, -19946.988367233487, 11684.423263957098, 43511.217134673760, -0.803367495870, -1.762325494392, 0.200043952127, 6651.926522732822, -2181.548042653348, -13324.656536708600
779667.213473790209, -19946.988367233487, 11684.423263957098, 43511.217134673760, -0.803367495870, -1.762325494392, 0.200043952127, 9877.120131797798, 14817.669259389175, -7041.801358736473
782832.786526209791, -19946.988367233487, 11684.423263957098, 43511.217134673760, -0.803367495870, -1.762325494392, 0.200043952127, 7447.330544020782, 24603.772008814518, 4170.353404840082
785982.118047018070, -19946.988367233487, 11684.423263957098, 43511.217134673760, -0.803367495870, -1.762325494392, 0.200043952127, 3143.803987827323, 28714.461648781955, 14697.064142267778
789082.891633084975, -19946.988367233487, 11684.423263957098, 43511.217134673760, -0.803367495870, -1.762325494392, 0.200043952127, -1514.984933757255, 29415.845257472785, 23446.940638432679
792103.289151400677, -19946.988367233487, 11684.423263957098, 43511.217134673760, -0.803367495870, -1.762325494392, 0.200043952127, -5969.586167114327, 28025.054407445088, 30358.180108713703
795012.317236176110, -19946.988367233487, 11684.423263957098, 43511.217134673760, -0.803367495870, -1.762325494392, 0.200043952127, -9985.843518666386, 25339.790049181840, 35578.832891490412
797780.125322717591, -19946.988367233487, 11684.423263957098, 43511.217134673760, -0.803367495870, -1.762325494392, 0.200043952127, -13462.969319203588, 21891.195056576649, 39305.186774114147
800378.311954614474, -19946.988367233487, 11684.423263957098, 43511.217134673760, -0.803367495870, -1.762325494392, 0.200043952127, -16367.531821251456, 18059.879364789995, 41746.672471182828
802780.216221115319, -19946.988367233487, 11684.423263957098, 43511.217134673760, -0.803367495870, -1.762325494392, 0.200043952127, -18706.915902970995, 14131.151112524245, 43117.806527068737
804961.191334149684, -19946.988367233487, 11684.423263957098, 43511.217134673760, -0.803367495870, -1.762325494392, 0.200043952127, -20516.705653528723, 10322.890535031704, 43635.495609020632
806898.857537727337, -19946.988367233487, 11684.423263957098, 43511.217134673760, -0.803367495870, -1.762325494392, 0.200043952127, -21853.140241017820, 6800.558054145621, 43516.251110328980
808573.331754518091, -19946.988367233487, 11684.423263957098, 43511.217134673760, -0.803367495870, -1.762325494392, 0.200043952127, -22787.071857399922, 3686.206166795262, 42971.835071756708
809967.431613132241, -19946.988367233487, 11684.423263957098, 43511.217134673760, -0.803367495870, -1.762325494392, 0.200043952127, -23397.816490002908, 1065.116990847165, 42203.042812914820
811066.851762501523, -19946.988367233487, 11684.423263957098, 43511.217134673760, -0.803367495870, -1.762325494392, 0.200043952127, -23766.234345025267, -1007.922931494776, 41391.867438489266
811860.310664140503, -19946.988367233487, 11684.423263957098, 43511.217134673760, -0.803367495870, -1.762325494392, 0.200043952127, -23967.041518436734, -2501.782128567945, 40692.704427771234
812339.666355996742, -19946.988367233487, 11684.423263957098, 43511.217134673760, -0.803367495870, -1.762325494392, 0.200043952127, -24060.942139123123, -3401.626698563945, 40223.605443047076
812500.000000000000, -19946.988367233487, 11684.423263957098, 43511.217134673760, -0.803367495870, -1.762325494392, 0.200043952127, -24087.636195765703, -3701.975858195252, 40058.793460794288
812500.000000000000, -19946.988367233487, 11684.423263957098, 43511.217134673760, -0.803367495870, -1.762325494392, 0.200043952127, -24087.636195765703, -3701.975858195252, 40058.793460794288
812660.333644003258, -19946.988367233487, 11684.423263957098, 43511.217134673760, -0.803367495870, -1.762325494392, 0.200043952127, -24111.936754310933, -4001.956922246000, 39889.999983587688
813139.689335859497, -19946.988367233487, 11684.423263957098, 43511.217134673760, -0.803367495870, -1.762325494392, 0.200043952127, -24170.125089620120, -4896.301423869345, 39361.500517362860
813933.148237498477, -19946.988367233487, 11684.423263957098, 43511.217134673760, -0.803367495870, -1.762325494392, 0.200043952127, -24217.642956369349, -6366.384356252183, 38407.489266726952
815032.568386867759, -19946.988367233487, 11684.423263957098, 43511.217134673760, -0.803367495870, -1.762325494392, 0.200043952127, -24178.688742870170, -8374.906329576968, 36919.986923157398
816426.668245481909, -19946.988367233487, 11684.423263957098, 43511.217134673760, -0.803367495870, -1.762325494392, 0.200043952127, -23943.353569906303, -10855.741929350625, 34750.940161044913
818101.142462272663, -19946.988367233487, 11684.423263957098, 43511.217134673760, -0.803367495870, -1.762325494392, 0.200043952127, -23362.282861324555, -13697.369360560133, 31714.473150058770
820038.808665850316, -19946.988367233487, 11684.423263957098, 43511.217134673760, -0.803367495870, -1.762325494392, 0.200043952127, -22236.948087054163, -16715.042942148222, 27589.316641954989
822219.783778884681, -19946.988367233487, 11684.423263957098, 43511.217134673760, -0.803367495870, -1.762325494392, 0.200043952127, -20302.028819780131, -19599.702295937346, 22123.696682328457
824621.688045385526, -19946.988367233487, 11684.423263957098, 43511.217134673760, -0.803367495870, -1.762325494392, 0.200043952127, -17194.277435530719, -21812.577594974882, 15054.642436837241
827219.874677282409, -19946.988367233487, 11684.423263957098, 43511.217134673760, -0.803367495870, -1.762325494392, 0.200043952127, -12406.291842517552, -22339.932666567485, 6199.367181139535
829987.682763823890, -19946.988367233487, 11684.423263957098, 43511.217134673760, -0.803367495870, -1.762325494392, 0.200043952127, -5310.642874742661, -19087.940379459564, -4074.477002644559
832896.710848599323, -19946.988367233487, 11684.423263957098, 43511.217134673760, -0.803367495870, -1.762325494392, 0.200043952127, 3794.005849198663, -8184.735161698851, -12502.397501028447
835917.108366915025, -19946.988367233487, 11684.423263957098, 43511.217134673760, -0.803367495870, -1.762325494392, 0.200043952127, 9596.056250938957, 9120.613271121994, -10556.429392641308
839017.881952981930, -19946.988367233487, 11684.423263957098, 43511.217134673760, -0.803367495870, -1.762325494392, 0.200043952127, 8787.327386475217, 21568.716471915977, -329.600806216873
842167.213473790209, -19946.988367233487, 11684.423263957098, 43511.217134673760, -0.803367495870, -1.762325494392, 0.200043952127, 4964.385839321251, 27581.254700462810, 10691.153015891827
845332.786526209791, -19946.988367233487, 11684.423263957098, 43511.217134673760, -0.803367495870, -1.762325494392, 0.200043952127, 287.408327772746, 29449.348340106520, 20297.062662223361
848482.118047018070, -19946.988367233487, 11684.423263957098, 43511.217134673760, -0.803367495870, -1.762325494392, 0.200043952127, -4423.151178241279, 28701.139124616260, 28113.941384185266
851582.891633084975, -19946.988367233487, 11684.423263957098, 43511.217134673760, -0.803367495870, -1.762325494392, 0.200043952127, -8814.295251846426, 26257.536677379816, 34166.877022913803
854603.289151400677, -19946.988367233487, 11684.423263957098, 43511.217134673760, -0.803367495870, -1.762325494392, 0.200043952127, -12714.798055297224, 22725.112698172026, 38580.996184259799
857512.317236176110, -19946.988367233487, 11684.423263957098, 43511.217134673760, -0.803367495870, -1.762325494392, 0.200043952127, -16040.279770106117, 18539.665917378603, 41514.695790935359
860280.125322717591, -19946.988367233487, 11684.423263957098, 43511.217134673760, -0.803367495870, -1.762325494392, 0.200043952127, -18757.286815065469, 14034.130112882263, 43143.966704154736
862878.311954614474, -19946.988367233487, 11684.423263957098, 43511.217134673760, -0.803367495870, -1.762325494392, 0.200043952127, -20868.083178750017, 9471.761261948777, 43658.882379856965
865280.216221115319, -19946.988367233487, 11684.423263957098, 43511.217134673760, -0.803367495870, -1.762325494392, 0.200043952127, -22403.451164110997, 5062.570337122877, 43262.441354136907
867461.191334149684, -19946.988367233487, 11684.423263957098, 43511.217134673760, -0.803367495870, -1.762325494392, 0.200043952127, -23418.555487031983, 971.268955245034, 42168.841316015911
869398.857537727337, -19946.988367233487, 11684.423263957098, 43511.217134673760, -0.803367495870, -1.762325494392, 0.200043952127, -23989.531308271129, -2678.972474113865, 40600.078236325062
871073.331754518091, -19946.988367233487, 11684.423263957098, 43511.217134673760, -0.803367495870, -1.762325494392, 0.200043952127, -24209.407649974804, -5804.246416162914, 38780.324410108267
872467.431613132241, -19946.988367233487, 11684.423263957098, 43511.217134673760, -0.803367495870, -1.762325494392, 0.200043952127, -24182.414891946235, -8357.026890818132, 36927.872719681138
873566.851762501523, -19946.988367233487, 11684.423263957098, 43511.217134673760, -0.803367495870, -1.762325494392, 0.200043952127, -24016.130469846754, -10321.003845535211, 35244.869000249710
874360.310664140503, -19946.988367233487, 11684.423263957098, 43511.217134673760, -0.803367495870, -1.762325494392, 0.200043952127, -23811.530949136020, -11702.658908897993, 33905.642187540368
874839.666355996742, -19946.988367233487, 11684.423263957098, 43511.217134673760, -0.803367495870, -1.762325494392, 0.200043952127, -23651.876751965312, -12519.926511008807, 33045.029601844537
875000.000000000000, -19946.988367233487, 11684.423263957098, 43511.217134673760, -0.803367495870, -1.762325494392, 0.200043952127, -23592.231670315043, -12790.030343233379, 32748.411362034400
875000.000000000000, -19946.988367233487, 11684.423263957098, 43511.217134673760, -0.803367495870, -1.762325494392, 0.200043952127, -23592.231670315043, -12790.030343233379, 32748.411362034400
875160.333644003258, -19946.988367233487, 11684.423263957098, 43511.217134673760, -0.803367495870, -1.762325494392, 0.200043952127, -23529.402165136096, -13058.407562646002, 32447.372019847284
875639.689335859497, -19946.988367233487, 11684.423263957098, 43511.217134673760, -0.803367495870, -1.762325494392, 0.200043952127, -23322.229549759413, -13849.889329301359, 31520.802031499228
876433.148237498477, -19946.988367233487, 11684.423263957098, 43511.217134673760, -0.803367495870, -1.762325494392, 0.200043952127, -22913.556198248200, -15120.353699717089, 29898.631382209784
877532.568386867759, -19946.988367233487, 11684.423263957098, 43511.217134673760, -0.803367495870, -1.762325494392, 0.200043952127, -22204.081030333309, -16784.784927712491, 27465.042696230601
878926.668245481909, -19946.988367233487, 11684.423263957098, 43511.217134673760, -0.803367495870, -1.762325494392, 0.200043952127, -21044.938208748892, -18696.181317700844, 24060.243996903195
880601.142462272663, -19946.988367233487, 11684.423263957098, 43511.217134673760, -0.803367495870, -1.762325494392, 0.200043952127, -19224.142203659678, -20605.040461688175, 19485.113391398376
882538.808665850316, -19946.988367233487, 11684.423263957098, 43511.217134673760, -0.803367495870, -1.762325494392, 0.200043952127, -16443.130956149882, -22077.330755037296, 13517.663223418966
884719.783778884681, -19946.988367233487, 11684.423263957098, 43511.217134673760, -0.803367495870, -1.762325494392, 0.200043952127, -12282.528839426539, -22312.933321259057, 5980.794783899116
887121.688045385526, -19946.988367233487, 11684.423263957098, 43511.217134673760, -0.803367495870, -1.762325494392, 0.200043952127, -6206.479633690920, -19720.726908479257, -2949.531272123938
889719.874677282409, -19946.988367233487, 11684.423263957098, 43511.217134673760, -0.803367495870, -1.762325494392, 0.200043952127, 1888.198583892282, -11259.006108402864, -11305.096868231978
892487.682763823890, -19946.988367233487, 11684.423263957098, 43511.217134673760, -0.803367495870, -1.762325494392, 0.200043952127, 8707.185589020040, 4293.422313019445, -12386.689521340724
895396.710848599323, -19946.988367233487, 11684.423263957098, 43511.217134673760, -0.803367495870, -1.762325494392, 0.200043952127, 9583.235662092198, 18175.626516241304, -4121.784972505697
898417.108366915025, -19946.988367233487, 11684.423263957098, 43511.217134673760, -0.803367495870, -1.762325494392, 0.200043952127, 6583.140690229729, 25913.681103035578, 6664.800169168846
901517.881952981930, -19946.988367233487, 11684.423263957098, 43511.217134673760, -0.803367495870, -1.762325494392, 0.200043952127, 2182.489519005638, 29088.125604342345, 16705.230572347322
904667.213473790209, -19946.988367233487, 11684.423263957098, 43511.217134673760, -0.803367495870, -1.762325494392, 0.200043952127, -2557.438280986828, 29245.303767222427, 25212.819285166064
907832.786526209791, -19946.988367233487, 11684.423263957098, 43511.217134673760, -0.803367495870, -1.762325494392, 0.200043952127, -7162.530266661932, 27359.341128325890, 32036.422816301034
910982.118047018070, -19946.988367233487, 11684.423263957098, 43511.217134673760, -0.803367495870, -1.762325494392, 0.200043952127, -11386.907410503432, 24075.375617833382, 37196.617866066161
914082.891633084975, -19946.988367233487, 11684.423263957098, 43511.217134673760, -0.803367495870, -1.762325494392, 0.200043952127, -15089.678181448495, 19860.492764821058, 40774.106418967654
917103.289151400677, -19946.988367233487, 11684.423263957098, 43511.217134673760, -0.803367495870, -1.762325494392, 0.200043952127, -18188.605262485100, 15078.585473042427, 42880.568822186207
920012.317236176110, -19946.988367233487, 11684.423263957098, 43511.217134673760, -0.803367495870, -1.762325494392, 0.200043952127, -20641.066071896596, 10027.494968243413, 43651.192372283847
922780.125322717591, -19946.988367233487, 11684.423263957098, 43511.217134673760, -0.803367495870, -1.762325494392, 0.200043952127, -22435.937274540061, 4957.374812141551, 43243.271567550350
925378.311954614474, -19946.988367233487, 11684.423263957098, 43511.217134673760, -0.803367495870, -1.762325494392, 0.200043952127, -23590.306776087284, 78.984991588558, 41836.237362159001
927780.216221115319, -19946.988367233487, 11684.423263957098, 43511.217134673760, -0.803367495870, -1.762325494392, 0.200043952127, -24148.387451536761, -4433.924048390196, 39631.405829738716
929961.191334149684, -19946.988367233487, 11684.423263957098, 43511.217134673760, -0.803367495870, -1.762325494392, 0.200043952127, -24181.204346510982, -8445.920081785503, 36850.484656373446
931898.857537727337, -19946.988367233487, 11684.423263957098, 43511.217134673760, -0.803367495870, -1.762325494392, 0.200043952127, -23785.933174988462, -11863.312314186878, 33731.966625185363
933573.331754518091, -19946.988367233487, 11684.423263957098, 43511.217134673760, -0.803367495870, -1.762325494392, 0.200043952127, -23083.680912981483, -14637.933695722193, 30524.511164321611
934967.431613132241, -19946.988367233487, 11684.423263957098, 43511.217134673760, -0.803367495870, -1.762325494392, 0.200043952127, -22214.323481716947, -16768.796698392278, 27476.620808090309
936066.851762501523, -19946.988367233487, 11684.423263957098, 43511.217134673760, -0.803367495870, -1.762325494392, 0.200043952127, -21327.116831872383, -18298.332794334110, 24822.668109815990
936860.310664140503, -19946.988367233487, 11684.423263957098, 43511.217134673760, -0.803367495870, -1.762325494392, 0.200043952127, -20566.608601569162, -19300.059538365458, 22766.669849568072
937339.666355996742, -19946.988367233487, 11684.423263957098, 43511.217134673760, -0.803367495870, -1.762325494392, 0.200043952127, -20055.086449601364, -19856.894062979038, 21466.550573220866
937500.000000000000, -19946.988367233487, 11684.423263957098, 43511.217134673760, -0.803367495870, -1.762325494392, 0.200043952127, -19874.882030017270, -20034.225330323250, 21021.862071865100
937500.000000000000, -19946.988367233487, 11684.423263957098, 43511.217134673760, -0.803367495870, -1.762325494392, 0.200043952127, -19874.882030017270, -20034.225330323250, 21021.862071865100
937660.333644003258, -19946.988367233487, 11684.423263957098, 43511.217134673760, -0.803367495870, -1.762325494392, 0.200043952127, -19690.004271812359, -20206.845734125425, 20572.230148565821
938139.689335859497, -19946.988367233487, 11684.423263957098, 43511.217134673760, -0.803367495870, -1.762325494392, 0.200043952127, -19108.737978200839, -20693.298880380429, 19198.390726481863
938933.148237498477, -19946.988367233487, 11684.423263957098, 43511.217134673760, -0.803367495870, -1.762325494392, 0.200043952127, -18048.539199572195, -21390.940054627685, 16826.790113371459
940032.568386867759, -19946.988367233487, 11684.423263957098, 43511.217134673760, -0.803367495870, -1.762325494392, 0.200043952127, -16362.412018598599, -22096.462058600297, 13340.970375438814
941426.668245481909, -19946.988367233487, 11684.423263957098, 43511.217134673760, -0.803367495870, -1.762325494392, 0.200043952127, -13823.267584251156, -22439.378123227954, 8600.958871741615
943101.142462272663, -19946.988367233487, 11684.423263957098, 43511.217134673760, -0.803367495870, -1.762325494392, 0.200043952127, -10105.075245189362, -21736.766007682883, 2512.716406209023
945038.808665850316, -19946.988367233487, 11684.423263957098, 43511.217134673760, -0.803367495870, -1.762325494392, 0.200043952127, -4811.831524340108, -18682.717390673970, -4700.713879571465
947219.783778884681, -19946.988367233487, 11684.423263957098, 43511.217134673760, -0.803367495870, -1.762325494392, 0.200043952127, 2076.048871434280, -10971.756617460092, -11442.016486500286
949621.688045385526, -19946.988367233487, 11684.423263957098, 43511.217134673760, -0.803367495870, -1.762325494392, 0.200043952127, 8238.477974368257, 2504.820880331569, -12817.137776095289
952219.874677282409, -19946.988367233487, 11684.423263957098, 43511.217134673760, -0.803367495870, -1.762325494392, 0.200043952127, 9842.730987933530, 15805.441471115448, -6243.485044498114
954987.682763823890, -19946.988367233487, 11684.423263957098, 43511.217134673760, -0.803367495870, -1.762325494392, 0.200043952127, 7658.422281445175, 24260.165422943348, 3610.239725018105
957896.710848599323, -19946.988367233487, 11684.423263957098, 43511.217134673760, -0.803367495870, -1.762325494392, 0.200043952127, 3758.730724725787, 28409.349995057746, 13454.489486667590
960917.108366915025, -19946.988367233487, 11684.423263957098, 43511.217134673760, -0.803367495870, -1.762325494392, 0.200043952127, -761.837794126744, 29467.825479384373, 22210.469950503251
964017.881952981930, -19946.988367233487, 11684.423263957098, 43511.217134673760, -0.803367495870, -1.762325494392, 0.200043952127, -5364.728060864408, 28304.594567372358, 29539.292838987800
967167.213473790209, -19946.988367233487, 11684.423263957098, 43511.217134673760, -0.803367495870, -1.762325494392, 0.200043952127, -9748.274072020884, 25523.636087486266, 35334.085837463877
970332.786526209791, -19946.988367233487, 11684.423263957098, 43511.217134673760, -0.803367495870, -1.762325494392, 0.200043952127, -13722.134272201389, 21576.065173994008, 39576.995039148518
973482.118047018070, -19946.988367233487, 11684.423263957098, 43511.217134673760, -0.803367495870, -1.762325494392, 0.200043952127, -17157.181144759150, 16824.601826686587, 42296.066102008161
976582.891633084975, -19946.988367233487, 11684.423263957098, 43511.217134673760, -0.803367495870, -1.762325494392, 0.200043952127, -19964.088653708437, 11577.898402662009, 43551.616058106731
979603.289151400677, -19946.988367233487, 11684.423263957098, 43511.217134673760, -0.803367495870, -1.762325494392, 0.200043952127, -22083.906375392948, 6108.624816708192, 43432.335964194404
982512.317236176110, -19946.988367233487, 11684.423263957098, 43511.217134673760, -0.803367495870, -1.762325494392, 0.200043952127, -23484.261589771428, 662.506918938605, 42054.955160270270
985280.125322717591, -19946.988367233487, 11684.423263957098, 43511.217134673760, -0.803367495870, -1.762325494392, 0.200043952127, -24158.604741591920, -4538.229175454484, 39565.333233380574
987878.311954614474, -19946.988367233487, 11684.423263957098, 43511.217134673760, -0.803367495870, -1.762325494392, 0.200043952127, -24127.405159137634, -9295.523325699809, 36140.093472460037
990280.216221115319, -19946.988367233487, 11684.423263957098, 43511.217134673760, -0.803367495870, -1.762325494392, 0.200043952127, -23440.792636287715, -13439.891194164844, 31988.164005534749
992461.191334149684, -19946.988367233487, 11684.423263957098, 43511.217134673760, -0.803367495870, -1.762325494392, 0.200043952127, -22182.239269545666, -16838.854863981775, 27351.311889557142
994398.857537727337, -19946.988367233487, 11684.423263957098, 43511.217134673760, -0.803367495870, -1.762325494392, 0.200043952127, -20472.511440127335, -19409.789432562266, 22502.026777055191
996073.331754518091, -19946.988367233487, 11684.423263957098, 43511.217134673760, -0.803367495870, -1.762325494392, 0.200043952127, -18472.160235169129, -21136.633654138092, 17736.079447063050
997467.431613132241, -19946.988367233487, 11684.423263957098, 43511.217134673760, -0.803367495870, -1.762325494392, 0.200043952127, -16379.282637545117, -22086.902788717569, 13356.493683576917
998566.851762501523, -19946.988367233487, 11684.423263957098, 43511.217134673760, -0.803367495870, -1.762325494392, 0.200043952127, -14418.044115521761, -22419.825387433368, 9647.451049664625
999360.310664140503, -19946.988367233487, 11684.423263957098, 43511.217134673760, -0.803367495870, -1.762325494392, 0.200043952127, -12814.820704361082, -22370.902464202136, 6842.983042811798
999839.666355996742, -19946.988367233487, 11684.423263957098, 43511.217134673760, -0.803367495870, -1.762325494392, 0.200043952127, -11764.828550319555, -22201.136700151008, 5103.856681684807
1000000.000000000000, -19946.988367233487, 11684.423263957098, 43511.217134673760, -0.803367495870, -1.762325494392, 0.200043952127, -11399.459211391049, -22118.071181874289, 4515.687564296870
